,Fulham,Nott'ham Forest,Bournemouth,Everton,Leeds United,West Ham,Huddersfield,Aston Villa,Burnley,Sheffield Utd,Cardiff City,Manchester Utd,Watford,Newcastle Utd,Leicester City,Liverpool,Brentford,Southampton,Wolves,Brighton,Tottenham,Arsenal,Norwich City,Crystal Palace,Chelsea,West Brom,Manchester City,Luton Town
0,36,42,63,33,0,54,0,42,39,33,0,87,0,84,0,66,72,0,48,87,63,84,0,51,48,0,99,9
1,54,18,54,42,0,30,0,69,42,33,0,81,0,63,0,87,84,0,51,72,48,72,0,84,33,0,93,30
2,39,36,54,45,0,33,0,57,45,30,0,66,0,69,0,78,63,0,57,78,66,84,0,66,48,0,93,33
3,36,60,33,48,0,60,0,57,18,42,0,63,0,69,0,78,78,0,57,90,63,69,0,54,51,0,90,24
4,27,54,45,51,0,33,0,90,63,30,0,75,0,78,0,81,57,0,39,45,60,87,0,78,39,0,93,15
5,54,39,63,30,0,45,0,72,42,36,0,54,0,69,0,54,66,0,63,81,66,69,0,57,54,0,75,51
6,42,30,51,63,0,60,0,72,54,60,0,63,0,72,0,84,45,0,33,54,51,81,0,54,57,0,96,18
7,48,72,24,45,0,51,0,60,51,27,0,63,0,78,0,93,60,0,36,72,66,69,0,51,54,0,108,12
8,57,57,39,42,0,57,0,60,6,33,0,72,0,75,0,63,33,0,63,72,90,84,0,69,42,0,102,24
9,69,36,57,18,0,39,0,69,36,15,0,57,0,78,0,90,57,0,63,60,78,60,0,69,57,0,99,33
10,69,33,30,66,0,66,0,78,39,39,0,75,0,54,0,72,60,0,75,75,60,63,0,69,18,0,81,18
11,48,45,51,66,0,54,0,72,51,33,0,63,0,75,0,87,51,0,75,57,39,87,0,45,39,0,99,3
12,60,69,36,60,0,42,0,42,54,21,0,54,0,60,0,90,66,0,48,75,60,87,0,51,48,0,93,24
13,60,54,24,75,0,66,0,39,33,42,0,78,0,75,0,63,39,0,33,51,54,87,0,81,72,0,84,30
14,54,48,54,54,0,72,0,42,66,21,0,63,0,48,0,84,63,0,24,81,60,87,0,54,36,0,96,33
15,45,57,15,42,0,69,0,90,39,66,0,78,0,78,0,90,54,0,42,15,63,72,0,36,75,0,87,27
16,51,30,57,63,0,66,0,60,33,33,0,75,0,75,0,57,72,0,45,48,78,78,0,51,54,0,102,12
17,36,48,36,57,0,57,0,42,63,36,0,84,0,60,0,84,69,0,75,42,45,75,0,54,57,0,93,27
18,51,48,39,33,0,57,0,57,51,0,0,87,0,84,0,87,51,0,66,75,54,78,0,51,51,0,93,27
19,66,36,30,66,0,42,0,66,45,24,0,66,0,84,0,57,39,0,51,72,81,69,0,75,48,0,108,15
20,75,63,78,30,0,69,0,48,48,45,0,42,0,57,0,81,72,0,30,30,66,96,0,54,42,0,102,12
21,48,57,63,39,0,69,0,63,27,6,0,102,0,57,0,60,63,0,45,48,72,96,0,42,48,0,105,30
22,45,54,51,24,0,33,0,66,48,39,0,72,0,75,0,84,51,0,63,69,57,66,0,75,36,0,87,45
23,54,42,27,48,0,45,0,63,39,42,0,81,0,57,0,63,60,0,48,78,81,93,0,48,72,0,84,15
24,54,54,66,15,0,63,0,60,45,33,0,90,0,63,0,54,69,0,42,42,66,72,0,57,75,0,99,21
25,42,48,42,36,0,60,0,54,48,33,0,78,0,75,0,90,84,0,24,48,54,90,0,60,48,0,105,21
26,45,18,27,51,0,78,0,45,51,36,0,78,0,75,0,69,75,0,33,54,81,78,0,78,57,0,81,30
27,21,69,57,48,0,33,0,66,39,39,0,69,0,72,0,96,63,0,57,36,54,60,0,93,66,0,81,21
28,63,42,60,51,0,27,0,54,30,15,0,75,0,99,0,60,78,0,72,72,48,57,0,60,60,0,93,24
29,33,63,27,57,0,57,0,60,75,39,0,84,0,72,0,81,48,0,30,63,39,66,0,72,45,0,105,24
30,21,66,51,27,0,63,0,60,45,45,0,87,0,84,0,69,69,0,60,63,27,75,0,27,36,0,108,57
31,48,36,42,66,0,36,0,78,48,30,0,48,0,75,0,93,63,0,45,45,66,87,0,57,45,0,102,30
32,66,42,54,54,0,36,0,93,45,27,0,63,0,48,0,102,60,0,48,54,45,90,0,57,42,0,87,27
33,66,36,57,39,0,42,0,69,39,57,0,90,0,75,0,78,66,0,30,63,18,96,0,51,57,0,75,36
34,63,21,36,33,0,63,0,63,51,39,0,81,0,42,0,99,87,0,30,63,54,90,0,54,69,0,72,30
35,45,48,45,36,0,36,0,78,33,42,0,84,0,87,0,78,84,0,48,66,60,75,0,45,18,0,105,27
36,54,18,69,15,0,39,0,60,63,36,0,87,0,69,0,87,60,0,54,72,57,96,0,45,57,0,93,9
37,33,63,24,45,0,42,0,84,63,18,0,78,0,63,0,72,48,0,51,48,84,87,0,45,69,0,84,39
38,33,48,45,69,0,36,0,69,30,27,0,87,0,90,0,87,57,0,66,66,63,63,0,42,48,0,90,24
39,51,63,51,27,0,45,0,87,39,15,0,90,0,66,0,69,57,0,45,78,63,75,0,33,60,0,90,36
40,48,75,15,51,0,81,0,48,27,42,0,69,0,81,0,72,69,0,57,60,54,60,0,63,45,0,84,39
41,51,42,30,39,0,57,0,60,63,30,0,63,0,78,0,69,33,0,75,87,39,81,0,51,45,0,105,42
42,78,27,51,30,0,48,0,57,57,30,0,84,0,72,0,69,63,0,30,45,90,87,0,69,33,0,81,39
43,48,45,33,54,0,63,0,78,66,30,0,75,0,78,0,84,30,0,72,81,39,72,0,45,45,0,75,27
44,66,54,45,51,0,36,0,75,24,18,0,102,0,69,0,93,78,0,30,45,54,66,0,66,63,0,93,12
45,75,24,27,45,0,51,0,75,36,33,0,87,0,39,0,72,72,0,75,48,45,66,0,69,75,0,93,33
46,33,51,36,39,0,39,0,75,45,33,0,66,0,72,0,75,60,0,42,90,96,78,0,54,48,0,96,12
47,27,63,81,36,0,51,0,39,27,36,0,69,0,48,0,75,54,0,42,93,93,63,0,87,39,0,90,27
48,48,69,36,33,0,63,0,57,60,24,0,81,0,93,0,69,78,0,24,48,42,87,0,66,60,0,69,33
49,21,81,27,45,0,36,0,66,27,24,0,75,0,66,0,72,72,0,57,66,78,90,0,69,57,0,84,27
50,36,48,39,54,0,57,0,51,57,12,0,45,0,63,0,60,78,0,54,87,75,96,0,48,51,0,99,30
51,51,39,30,60,0,69,0,69,42,42,0,81,0,57,0,111,51,0,63,39,39,87,0,54,36,0,87,33
52,45,45,36,39,0,60,0,90,54,33,0,60,0,78,0,84,45,0,12,87,54,78,0,69,63,0,84,24
53,45,39,57,42,0,45,0,60,60,24,0,81,0,87,0,90,42,0,57,42,45,78,0,75,36,0,105,30
54,45,54,66,36,0,66,0,60,45,36,0,96,0,36,0,54,66,0,57,60,66,87,0,39,60,0,90,21
55,60,27,42,63,0,45,0,72,27,33,0,84,0,51,0,66,78,0,51,45,72,84,0,51,54,0,105,30
56,51,57,21,48,0,63,0,69,45,42,0,60,0,72,0,66,54,0,33,51,66,96,0,60,54,0,105,27
57,48,33,54,48,0,63,0,75,18,24,0,78,0,57,0,99,69,0,66,72,63,66,0,72,24,0,72,39
58,66,33,27,57,0,39,0,24,57,27,0,87,0,60,0,84,72,0,30,75,72,66,0,75,48,0,99,42
59,63,45,45,51,0,30,0,69,36,36,0,57,0,78,0,72,63,0,48,51,60,96,0,63,33,0,108,36
60,30,54,69,33,0,51,0,69,36,12,0,75,0,72,0,90,63,0,45,84,60,48,0,57,60,0,87,45
61,45,45,30,39,0,57,0,60,60,21,0,69,0,75,0,78,78,0,42,75,66,93,0,51,48,0,81,27
62,81,45,33,39,0,57,0,72,21,27,0,78,0,66,0,84,66,0,45,75,69,69,0,54,39,0,90,30
63,45,78,30,39,0,45,0,30,42,39,0,87,0,81,0,87,66,0,51,30,63,84,0,48,57,0,99,39
64,54,48,45,48,0,39,0,54,36,48,0,84,0,84,0,72,69,0,48,93,36,51,0,48,54,0,99,30
65,42,54,21,42,0,45,0,66,81,18,0,78,0,96,0,84,54,0,48,48,51,78,0,63,42,0,90,39
66,27,57,93,45,0,72,0,60,33,24,0,66,0,78,0,72,63,0,54,63,63,66,0,51,42,0,96,15
67,51,63,18,42,0,66,0,63,60,24,0,69,0,75,0,99,66,0,33,66,63,48,0,36,54,0,93,51
68,42,57,54,48,0,42,0,51,33,39,0,84,0,72,0,87,69,0,18,78,78,87,0,18,54,0,87,42
69,63,54,24,48,0,33,0,81,33,21,0,93,0,48,0,81,51,0,33,60,75,105,0,57,51,0,99,30
70,72,21,51,54,0,33,0,63,33,63,0,78,0,75,0,99,69,0,39,63,57,54,0,54,51,0,96,15
71,36,45,21,45,0,18,0,72,33,54,0,66,0,66,0,63,84,0,57,72,66,96,0,54,75,0,87,30
72,42,51,24,63,0,63,0,57,42,27,0,69,0,57,0,90,57,0,30,81,72,90,0,57,30,0,111,27
73,39,42,57,48,0,57,0,54,39,15,0,87,0,78,0,84,36,0,66,57,42,78,0,39,93,0,93,36
74,51,48,63,36,0,54,0,63,36,51,0,75,0,36,0,81,54,0,57,60,60,78,0,51,69,0,93,24
75,66,42,45,21,0,42,0,48,39,54,0,87,0,66,0,93,78,0,54,72,87,60,0,39,54,0,81,12
76,39,66,27,69,0,63,0,51,42,60,0,69,0,81,0,69,45,0,39,66,87,72,0,54,27,0,96,18
77,39,27,48,63,0,63,0,36,60,33,0,84,0,39,0,78,78,0,39,72,78,81,0,66,42,0,96,18
78,57,54,54,30,0,57,0,102,21,36,0,72,0,81,0,84,69,0,60,45,69,57,0,39,15,0,105,33
79,66,30,45,45,0,51,0,63,21,39,0,66,0,75,0,75,87,0,39,63,36,72,0,78,78,0,96,15
80,66,27,42,36,0,54,0,75,42,27,0,54,0,99,0,72,66,0,72,87,81,72,0,42,27,0,78,21
81,42,42,36,39,0,48,0,66,54,66,0,63,0,48,0,84,72,0,42,48,84,66,0,54,81,0,87,18
82,48,57,48,57,0,39,0,90,66,36,0,51,0,60,0,87,66,0,54,42,36,93,0,42,63,0,84,21
83,48,51,33,63,0,54,0,60,63,6,0,78,0,72,0,66,60,0,39,72,63,66,0,69,45,0,102,30
84,90,48,69,63,0,63,0,57,45,15,0,51,0,90,0,72,63,0,45,57,63,72,0,57,27,0,81,12
85,42,27,48,39,0,78,0,75,42,3,0,45,0,60,0,72,75,0,72,57,66,75,0,54,75,0,111,24
86,72,33,42,39,0,48,0,96,33,6,0,60,0,78,0,78,60,0,45,48,69,108,0,72,45,0,93,15
87,51,24,54,39,0,69,0,51,33,30,0,51,0,96,0,81,84,0,57,57,51,78,0,72,45,0,96,21
88,42,48,51,51,0,63,0,90,60,27,0,63,0,66,0,87,84,0,48,51,36,84,0,45,24,0,105,15
89,39,45,30,57,0,69,0,63,39,33,0,93,0,72,0,87,39,0,48,48,66,96,0,54,57,0,87,18
90,60,30,45,45,0,48,0,60,78,30,0,48,0,66,0,78,69,0,72,33,54,48,0,78,87,0,105,6
91,48,66,51,75,0,78,0,54,66,30,0,57,0,69,0,72,57,0,48,69,27,69,0,36,51,0,81,36
92,48,63,33,54,0,39,0,78,48,63,0,60,0,60,0,93,69,0,36,66,57,66,0,66,39,0,81,21
93,30,45,36,72,0,12,0,90,45,51,0,84,0,75,0,96,57,0,57,66,24,72,0,66,48,0,93,21
94,42,54,51,27,0,54,0,63,18,42,0,87,0,69,0,105,54,0,48,57,81,87,0,60,57,0,81,3
95,36,72,24,30,0,51,0,69,30,27,0,87,0,45,0,84,66,0,33,78,72,90,0,54,72,0,90,30
96,63,42,15,30,0,36,0,63,63,27,0,87,0,57,0,84,54,0,54,54,87,81,0,75,48,0,96,24
97,72,45,51,69,0,27,0,63,42,36,0,36,0,78,0,87,60,0,66,81,21,87,0,63,45,0,90,21
98,75,33,42,66,0,57,0,81,15,33,0,81,0,78,0,69,78,0,48,69,57,45,0,51,48,0,99,15
99,48,57,24,45,0,66,0,57,27,30,0,63,0,63,0,81,66,0,69,78,66,54,0,87,45,0,81,33
100,66,42,57,48,0,54,0,84,39,48,0,63,0,42,0,66,72,0,30,66,78,69,0,48,66,0,96,6
101,42,60,48,81,0,42,0,84,33,21,0,81,0,63,0,63,51,0,42,57,51,105,0,45,42,0,93,36
102,87,30,60,48,0,45,0,57,15,12,0,87,0,63,0,72,66,0,36,57,60,60,0,63,81,0,105,36
103,39,39,33,51,0,27,0,81,69,51,0,63,0,81,0,90,84,0,69,54,60,78,0,27,42,0,84,18
104,39,36,63,33,0,48,0,42,45,39,0,45,0,42,0,93,96,0,48,57,57,87,0,75,54,0,102,39
105,48,42,15,60,0,81,0,54,39,36,0,54,0,72,0,78,54,0,57,69,69,66,0,75,51,0,90,30
106,30,42,57,36,0,63,0,60,42,21,0,75,0,39,0,81,33,0,72,66,78,84,0,48,78,0,96,39
107,45,45,51,18,0,54,0,72,51,39,0,75,0,66,0,75,60,0,42,60,69,96,0,54,57,0,84,27
108,48,54,48,33,0,60,0,81,24,39,0,87,0,69,0,84,42,0,39,54,87,90,0,57,27,0,87,30
109,45,66,45,69,0,66,0,57,51,12,0,102,0,66,0,51,48,0,21,51,72,87,0,36,63,0,108,24
110,21,54,45,63,0,60,0,72,33,36,0,66,0,87,0,54,54,0,75,42,63,84,0,42,69,0,84,36
111,45,60,54,18,0,42,0,57,66,45,0,48,0,69,0,75,51,0,45,60,75,69,0,81,69,0,99,12
112,57,42,30,57,0,72,0,24,51,36,0,66,0,90,0,102,39,0,45,60,72,54,0,51,69,0,99,24
113,54,48,48,48,0,48,0,33,24,24,0,69,0,51,0,84,84,0,51,66,78,75,0,75,63,0,93,24
114,63,54,36,69,0,39,0,69,63,21,0,87,0,42,0,81,75,0,75,45,39,69,0,60,42,0,84,27
115,30,39,36,78,0,57,0,39,48,24,0,78,0,96,0,69,69,0,39,75,72,66,0,27,60,0,93,45
116,57,78,30,39,0,84,0,84,24,42,0,84,0,54,0,72,45,0,57,36,78,69,0,57,51,0,81,18
117,39,30,45,27,0,42,0,78,48,30,0,78,0,75,0,93,51,0,54,72,51,105,0,69,48,0,78,27
118,57,36,24,24,0,72,0,66,48,36,0,63,0,90,0,96,78,0,42,81,63,66,0,45,33,0,99,21
119,24,36,60,39,0,54,0,81,51,36,0,81,0,75,0,81,63,0,33,42,51,72,0,90,51,0,81,39
120,69,57,36,27,0,63,0,81,66,33,0,57,0,69,0,84,63,0,60,54,87,51,0,60,39,0,81,3
121,54,48,48,51,0,72,0,84,33,33,0,69,0,66,0,72,81,0,30,45,66,60,0,54,60,0,87,27
122,45,48,30,30,0,69,0,81,27,36,0,63,0,69,0,93,36,0,63,81,78,78,0,48,54,0,90,21
123,51,57,21,51,0,45,0,63,36,36,0,87,0,87,0,78,57,0,39,54,33,90,0,48,54,0,96,57
124,36,33,24,45,0,45,0,66,60,27,0,78,0,75,0,75,72,0,45,75,48,102,0,66,48,0,93,27
125,60,54,51,63,0,69,0,81,42,24,0,78,0,84,0,57,24,0,45,72,48,60,0,63,48,0,93,24
126,93,36,30,48,0,63,0,84,45,42,0,51,0,42,0,60,81,0,45,84,30,93,0,51,63,0,78,21
127,42,45,30,39,0,57,0,63,36,45,0,63,0,84,0,81,75,0,54,84,42,102,0,27,54,0,93,24
128,87,45,36,21,0,48,0,81,48,45,0,84,0,90,0,75,78,0,48,48,66,63,0,51,21,0,96,9
129,33,42,54,57,0,81,0,63,42,54,0,51,0,63,0,66,54,0,30,96,75,84,0,60,9,0,93,33
130,36,36,48,42,0,39,0,87,75,27,0,60,0,63,0,78,63,0,33,63,45,84,0,48,60,0,96,57
131,36,63,30,27,0,33,0,72,36,48,0,60,0,87,0,90,87,0,36,72,60,75,0,48,45,0,96,39
132,54,51,63,45,0,39,0,60,27,18,0,75,0,84,0,87,72,0,45,63,51,102,0,9,69,0,87,39
133,33,60,39,33,0,51,0,90,72,39,0,51,0,63,0,99,54,0,36,81,72,48,0,63,15,0,99,42
134,87,66,24,39,0,54,0,63,57,36,0,102,0,57,0,78,51,0,45,69,42,78,0,42,39,0,90,21
135,57,54,42,48,0,27,0,81,27,54,0,78,0,66,0,84,42,0,60,33,72,87,0,63,39,0,96,30
136,30,57,33,42,0,57,0,90,57,42,0,54,0,84,0,66,51,0,63,57,63,69,0,66,39,0,102,18
137,78,63,36,60,0,39,0,66,51,27,0,60,0,78,0,105,54,0,39,66,42,60,0,39,54,0,108,15
138,60,78,60,33,0,66,0,69,30,24,0,63,0,93,0,78,84,0,57,72,48,72,0,12,30,0,87,24
139,84,42,24,69,0,57,0,51,27,36,0,93,0,87,0,63,51,0,48,54,48,78,0,87,42,0,93,6
140,60,48,60,36,0,60,0,81,18,36,0,78,0,69,0,57,54,0,33,66,54,99,0,54,63,0,90,24
141,42,45,33,42,0,51,0,57,45,45,0,72,0,69,0,78,87,0,39,63,24,99,0,69,57,0,99,24
142,57,36,30,63,0,45,0,72,24,27,0,63,0,84,0,78,87,0,39,51,87,96,0,81,42,0,66,12
143,33,42,30,57,0,66,0,66,54,27,0,99,0,39,0,87,42,0,42,63,51,75,0,72,72,0,84,39
144,45,33,45,60,0,69,0,90,36,36,0,90,0,69,0,75,60,0,72,36,75,81,0,48,27,0,81,12
145,24,30,39,51,0,33,0,45,66,33,0,99,0,84,0,87,75,0,60,75,45,81,0,39,51,0,102,21
146,39,39,90,33,0,66,0,36,39,42,0,75,0,99,0,78,63,0,54,69,54,84,0,54,57,0,63,6
147,36,39,51,63,0,54,0,54,24,24,0,66,0,87,0,102,75,0,54,39,57,72,0,87,45,0,87,24
148,45,51,27,48,0,51,0,66,33,24,0,72,0,93,0,93,93,0,36,72,66,72,0,36,42,0,99,21
149,39,51,18,36,0,60,0,78,42,33,0,69,0,81,0,87,69,0,69,63,51,87,0,42,54,0,69,42
150,87,48,51,48,0,30,0,78,42,12,0,81,0,72,0,66,27,0,39,78,69,84,0,54,60,0,87,27
151,48,42,42,42,0,39,0,75,75,36,0,36,0,75,0,105,78,0,39,51,48,78,0,60,48,0,105,18
152,63,51,30,54,0,63,0,42,57,48,0,45,0,72,0,90,54,0,51,72,48,90,0,30,54,0,81,45
153,63,51,39,36,0,48,0,54,54,15,0,66,0,63,0,78,63,0,45,45,81,93,0,57,72,0,96,21
154,45,54,57,54,0,51,0,78,48,15,0,78,0,39,0,72,60,0,27,57,57,84,0,84,60,0,93,27
155,39,48,36,63,0,39,0,72,48,27,0,81,0,66,0,69,72,0,51,66,63,93,0,45,69,0,90,3
156,69,30,24,27,0,69,0,72,48,30,0,93,0,72,0,72,51,0,45,81,63,105,0,33,69,0,66,21
157,69,12,39,33,0,60,0,90,36,39,0,75,0,69,0,81,69,0,39,69,57,84,0,63,45,0,72,39
158,36,30,42,57,0,42,0,63,30,48,0,72,0,78,0,66,90,0,36,42,84,90,0,39,63,0,99,33
159,51,54,42,48,0,54,0,81,63,21,0,69,0,60,0,93,75,0,36,75,39,78,0,33,51,0,90,27
160,54,48,66,60,0,18,0,60,39,18,0,63,0,60,0,93,54,0,51,66,72,66,0,72,36,0,96,48
161,39,51,54,48,0,27,0,33,39,51,0,69,0,60,0,57,72,0,45,87,48,93,0,60,96,0,87,24
162,33,48,42,75,0,39,0,63,93,24,0,90,0,72,0,66,60,0,30,66,66,102,0,30,27,0,75,39
163,51,57,45,66,0,51,0,69,48,30,0,90,0,42,0,78,63,0,36,75,60,99,0,60,33,0,78,9
164,36,39,81,39,0,18,0,81,39,39,0,87,0,96,0,69,36,0,51,42,48,93,0,63,54,0,96,33
165,18,48,42,57,0,63,0,51,36,39,0,75,0,60,0,105,69,0,75,81,75,87,0,36,54,0,66,3
166,48,39,48,42,0,48,0,75,21,18,0,78,0,57,0,96,84,0,48,60,78,75,0,66,36,0,105,18
167,42,84,30,57,0,45,0,57,54,15,0,78,0,75,0,45,69,0,48,66,81,87,0,63,45,0,78,21
168,48,24,30,39,0,69,0,69,63,27,0,69,0,48,0,93,66,0,60,48,75,60,0,48,69,0,105,30
169,42,33,42,27,0,57,0,75,30,24,0,75,0,54,0,99,60,0,48,81,78,93,0,39,60,0,99,24
170,81,27,39,27,0,36,0,75,48,39,0,102,0,75,0,63,84,0,48,63,48,84,0,33,51,0,87,30
171,60,21,33,36,0,54,0,63,60,60,0,69,0,96,0,75,63,0,54,57,72,57,0,66,27,0,96,21
172,39,60,15,75,0,45,0,75,57,30,0,90,0,54,0,72,72,0,45,66,45,66,0,36,81,0,96,21
173,45,60,51,51,0,36,0,54,54,60,0,87,0,81,0,81,45,0,45,72,54,54,0,69,30,0,96,15
174,75,57,36,48,0,54,0,75,48,45,0,78,0,75,0,69,78,0,39,57,24,51,0,57,63,0,93,18
175,69,51,24,54,0,45,0,33,42,12,0,84,0,72,0,57,75,0,36,66,51,78,0,75,69,0,105,42
176,33,57,66,33,0,63,0,48,33,48,0,93,0,51,0,60,75,0,75,81,60,87,0,18,51,0,69,39
177,39,57,21,48,0,42,0,54,36,66,0,69,0,81,0,96,54,0,39,72,48,90,0,42,54,0,102,30
178,39,63,33,60,0,63,0,66,42,60,0,84,0,51,0,60,69,0,27,81,48,87,0,45,33,0,102,27
179,57,51,33,60,0,57,0,63,51,15,0,69,0,63,0,93,81,0,45,72,42,72,0,66,45,0,99,6
180,33,78,27,39,0,36,0,48,39,21,0,63,0,78,0,84,81,0,63,63,72,90,0,51,48,0,96,30
181,69,57,42,87,0,42,0,81,42,33,0,81,0,81,0,87,63,0,45,51,48,51,0,51,21,0,93,15
182,39,36,24,48,0,39,0,69,66,30,0,72,0,60,0,93,99,0,72,48,69,60,0,60,39,0,87,30
183,27,36,36,60,0,54,0,84,27,45,0,72,0,90,0,69,75,0,57,78,60,84,0,42,30,0,81,33
184,48,57,51,51,0,33,0,72,21,39,0,96,0,81,0,66,48,0,45,51,54,105,0,63,39,0,84,36
185,39,42,30,33,0,42,0,66,39,33,0,87,0,72,0,66,78,0,78,60,60,69,0,69,51,0,96,30
186,45,48,27,60,0,54,0,60,33,45,0,78,0,78,0,69,81,0,36,60,78,54,0,72,33,0,102,27
187,60,48,60,36,0,54,0,39,24,18,0,93,0,48,0,93,84,0,33,78,69,84,0,54,51,0,90,24
188,54,33,54,33,0,60,0,78,57,42,0,66,0,57,0,78,63,0,30,75,81,87,0,24,48,0,99,21
189,42,63,42,24,0,54,0,51,63,30,0,84,0,72,0,78,75,0,69,30,66,66,0,36,54,0,99,42
190,63,45,36,54,0,39,0,48,57,45,0,90,0,72,0,84,51,0,54,51,72,69,0,60,57,0,90,3
191,39,69,39,60,0,51,0,51,42,36,0,69,0,69,0,90,81,0,54,63,39,69,0,48,51,0,96,24
192,39,24,30,54,0,39,0,75,51,42,0,75,0,78,0,81,81,0,39,78,72,78,0,66,57,0,66,15
193,57,18,48,42,0,39,0,63,84,30,0,69,0,84,0,81,75,0,42,69,66,87,0,51,36,0,69,30
194,48,30,54,48,0,39,0,81,42,48,0,75,0,60,0,66,84,0,33,51,60,99,0,48,60,0,102,12
195,78,54,36,60,0,18,0,54,45,48,0,96,0,63,0,63,84,0,39,45,72,84,0,51,21,0,96,33
196,60,54,48,27,0,27,0,87,48,60,0,87,0,48,0,99,69,0,42,57,60,66,0,42,42,0,96,21
197,51,48,39,33,0,51,0,87,57,6,0,84,0,57,0,81,78,0,54,69,54,81,0,45,51,0,78,36
198,57,69,48,21,0,39,0,75,51,27,0,93,0,75,0,45,36,0,36,42,90,63,0,72,39,0,102,60
199,45,63,27,33,0,42,0,93,42,30,0,84,0,57,0,81,60,0,69,69,75,54,0,36,60,0,93,27
200,39,39,42,27,0,84,0,75,42,45,0,66,0,66,0,78,66,0,27,63,39,99,0,60,69,0,96,18
201,33,45,27,60,0,18,0,75,66,18,0,81,0,96,0,87,54,0,60,63,69,84,0,60,45,0,81,18
202,75,42,18,21,0,60,0,57,51,21,0,63,0,78,0,84,33,0,84,48,69,105,0,45,57,0,96,33
203,54,72,57,39,0,48,0,54,33,36,0,63,0,66,0,99,51,0,24,72,54,108,0,57,42,0,93,18
204,57,12,30,36,0,69,0,93,21,30,0,78,0,54,0,78,75,0,60,72,36,69,0,66,60,0,111,33
205,66,45,39,57,0,30,0,66,48,21,0,75,0,78,0,108,57,0,48,51,54,81,0,75,27,0,93,21
206,78,66,24,39,0,54,0,84,39,30,0,51,0,90,0,93,78,0,36,72,42,69,0,45,66,0,72,12
207,27,60,42,54,0,48,0,87,27,51,0,72,0,57,0,99,57,0,33,51,60,84,0,27,78,0,99,27
208,51,54,42,57,0,51,0,78,45,21,0,72,0,87,0,66,81,0,66,48,48,72,0,36,51,0,99,15
209,30,63,27,60,0,60,0,66,27,54,0,75,0,72,0,69,60,0,57,36,45,78,0,81,48,0,93,39
210,51,24,15,42,0,72,0,81,30,33,0,90,0,60,0,72,69,0,60,54,75,72,0,69,45,0,90,36
211,45,39,30,75,0,81,0,72,27,27,0,72,0,84,0,96,24,0,72,72,48,63,0,54,54,0,84,21
212,84,30,9,15,0,39,0,78,54,51,0,96,0,63,0,87,66,0,57,48,72,66,0,57,33,0,108,27
213,60,48,33,39,0,81,0,84,30,36,0,60,0,93,0,75,78,0,60,51,63,90,0,24,33,0,87,15
214,66,39,42,45,0,15,0,54,60,30,0,60,0,45,0,93,84,0,45,78,72,81,0,66,54,0,102,9
215,57,66,24,63,0,36,0,57,42,24,0,57,0,60,0,75,87,0,63,72,39,93,0,69,42,0,93,21
216,72,72,51,45,0,54,0,69,36,12,0,75,0,81,0,87,48,0,27,60,57,78,0,66,33,0,99,18
217,57,45,45,72,0,30,0,75,33,27,0,81,0,72,0,81,48,0,42,81,42,99,0,48,42,0,90,30
218,48,66,54,33,0,69,0,75,51,24,0,66,0,66,0,90,48,0,60,39,69,75,0,48,42,0,93,24
219,36,33,42,33,0,57,0,63,69,39,0,81,0,84,0,81,78,0,60,54,36,87,0,36,54,0,93,24
220,51,48,39,51,0,66,0,81,27,60,0,78,0,51,0,81,51,0,45,48,51,78,0,63,42,0,99,30
221,60,51,18,33,0,45,0,69,45,48,0,72,0,90,0,54,69,0,39,51,66,96,0,48,45,0,108,33
222,33,42,60,30,0,51,0,72,66,12,0,69,0,90,0,57,66,0,57,66,69,93,0,57,30,0,96,24
223,30,30,36,60,0,54,0,69,42,27,0,78,0,78,0,87,69,0,48,60,48,75,0,69,57,0,99,24
224,66,48,48,63,0,54,0,63,42,18,0,72,0,78,0,48,81,0,54,60,78,81,0,45,30,0,96,15
225,60,45,24,63,0,57,0,45,69,27,0,75,0,51,0,72,54,0,81,75,69,72,0,48,33,0,84,36
226,30,51,33,57,0,63,0,42,54,54,0,90,0,69,0,87,63,0,51,57,57,108,0,45,21,0,84,24
227,27,39,57,72,0,42,0,75,51,30,0,81,0,87,0,90,51,0,45,45,75,99,0,30,30,0,84,30
228,84,24,30,45,0,39,0,72,39,33,0,63,0,66,0,75,66,0,51,63,63,72,0,81,36,0,102,36
229,42,51,36,33,0,39,0,45,30,51,0,78,0,87,0,90,66,0,36,63,51,102,0,69,63,0,78,30
230,39,42,33,45,0,45,0,87,30,54,0,66,0,63,0,93,81,0,54,51,60,81,0,63,54,0,84,15
231,66,39,39,57,0,57,0,87,15,18,0,69,0,87,0,78,45,0,54,78,57,87,0,48,48,0,96,15
232,42,36,75,48,0,60,0,48,21,45,0,87,0,60,0,69,60,0,84,81,66,48,0,27,51,0,102,30
233,51,51,63,48,0,63,0,69,30,21,0,102,0,51,0,87,54,0,66,66,75,75,0,45,33,0,78,12
234,69,36,39,60,0,27,0,93,24,24,0,93,0,45,0,81,90,0,57,45,84,60,0,39,54,0,81,39
235,72,84,51,57,0,33,0,60,33,48,0,81,0,51,0,87,60,0,45,81,15,81,0,24,45,0,102,30
236,48,48,48,27,0,45,0,63,63,18,0,90,0,87,0,87,63,0,33,51,57,66,0,81,57,0,87,21
237,63,42,39,42,0,45,0,66,21,39,0,90,0,81,0,60,39,0,60,57,51,78,0,54,69,0,108,36
238,66,36,12,45,0,75,0,81,57,51,0,69,0,39,0,78,48,0,48,84,54,78,0,75,21,0,108,15
239,45,45,33,63,0,39,0,72,51,6,0,87,0,78,0,84,63,0,33,66,54,78,0,60,63,0,102,18
240,78,60,51,39,0,54,0,78,33,39,0,60,0,51,0,102,42,0,42,69,63,87,0,60,51,0,57,24
241,33,39,69,30,0,60,0,63,42,57,0,63,0,75,0,75,51,0,57,72,45,57,0,63,66,0,105,18
242,60,27,57,42,0,42,0,66,48,21,0,51,0,72,0,99,60,0,72,60,51,99,0,36,51,0,99,27
243,69,33,45,69,0,69,0,69,63,27,0,63,0,51,0,87,63,0,42,57,48,48,0,87,39,0,81,30
244,69,63,15,45,0,48,0,60,54,54,0,66,0,72,0,78,75,0,42,60,63,66,0,48,36,0,102,24
245,63,57,48,24,0,66,0,84,36,18,0,72,0,87,0,81,66,0,42,54,51,63,0,51,57,0,99,21
246,54,69,60,39,0,69,0,66,36,45,0,66,0,81,0,93,57,0,60,57,81,69,0,30,24,0,78,6
247,24,60,48,60,0,27,0,78,60,24,0,72,0,36,0,78,69,0,39,66,84,69,0,51,66,0,87,42
248,69,63,78,24,0,33,0,39,27,33,0,87,0,60,0,90,66,0,54,72,42,87,0,48,63,0,90,15
249,66,60,42,63,0,42,0,42,42,27,0,105,0,63,0,60,45,0,66,69,45,78,0,54,51,0,96,24
250,54,63,48,30,0,24,0,75,66,48,0,48,0,84,0,75,75,0,48,63,63,72,0,18,48,0,99,39
251,57,66,48,36,0,39,0,60,30,42,0,72,0,72,0,87,75,0,60,66,60,39,0,54,66,0,84,27
252,33,30,42,87,0,48,0,36,48,54,0,84,0,84,0,72,54,0,30,81,60,69,0,63,36,0,99,30
253,36,39,45,36,0,66,0,78,69,48,0,99,0,105,0,57,72,0,42,57,45,48,0,42,36,0,87,33
254,57,54,45,57,0,33,0,63,45,18,0,99,0,69,0,93,72,0,24,66,51,75,0,45,72,0,81,21
255,51,42,36,51,0,39,0,54,54,39,0,78,0,72,0,84,66,0,27,75,60,57,0,81,51,0,105,18
256,42,60,30,42,0,51,0,69,60,24,0,45,0,72,0,72,66,0,51,72,69,69,0,72,42,0,105,27
257,42,48,60,57,0,39,0,39,66,33,0,54,0,57,0,90,75,0,54,48,63,90,0,93,27,0,93,12
258,57,66,18,30,0,36,0,60,63,48,0,69,0,78,0,66,54,0,66,54,72,96,0,33,39,0,105,30
259,57,93,66,54,0,42,0,57,15,18,0,63,0,78,0,75,78,0,60,57,57,51,0,60,54,0,78,27
260,72,81,21,33,0,33,0,72,39,21,0,78,0,72,0,84,42,0,45,84,66,75,0,57,54,0,84,27
261,54,75,39,60,0,54,0,90,39,30,0,63,0,75,0,90,66,0,24,54,57,87,0,36,24,0,90,33
262,42,36,42,39,0,30,0,87,63,48,0,66,0,63,0,99,63,0,54,36,48,105,0,54,66,0,69,30
263,48,30,66,33,0,51,0,72,48,27,0,99,0,66,0,72,51,0,42,84,54,87,0,33,57,0,84,36
264,48,51,24,45,0,33,0,48,39,45,0,81,0,66,0,78,81,0,60,63,78,93,0,57,27,0,102,21
265,57,21,36,45,0,48,0,48,42,48,0,78,0,93,0,84,60,0,30,81,63,78,0,51,45,0,105,27
266,48,30,36,30,0,33,0,78,45,30,0,87,0,75,0,90,72,0,69,69,63,75,0,42,42,0,90,36
267,30,60,27,66,0,57,0,42,36,15,0,78,0,81,0,90,60,0,42,81,78,63,0,66,51,0,90,27
268,60,30,27,81,0,30,0,57,39,39,0,69,0,90,0,60,63,0,66,60,66,84,0,54,48,0,105,12
269,36,72,54,33,0,54,0,69,39,63,0,102,0,60,0,78,60,0,54,39,81,87,0,48,39,0,60,12
270,42,18,54,42,0,51,0,66,42,39,0,54,0,81,0,90,66,0,57,75,30,96,0,69,54,0,93,21
271,78,42,30,45,0,48,0,84,33,36,0,78,0,87,0,63,45,0,54,66,84,81,0,42,27,0,108,9
272,30,30,39,39,0,57,0,75,54,60,0,78,0,72,0,78,60,0,54,69,63,96,0,39,45,0,90,12
273,66,36,30,81,0,72,0,51,87,33,0,78,0,21,0,72,51,0,75,63,60,66,0,45,66,0,69,18
274,36,66,54,42,0,69,0,57,30,24,0,75,0,60,0,72,48,0,57,78,57,105,0,60,45,0,75,30
275,63,21,42,39,0,69,0,51,27,48,0,63,0,87,0,78,60,0,51,75,54,75,0,51,66,0,87,33
276,48,87,12,60,0,54,0,87,54,30,0,51,0,84,0,78,60,0,39,78,63,78,0,15,33,0,93,36
277,27,45,30,48,0,48,0,96,63,30,0,75,0,78,0,57,90,0,48,48,72,87,0,30,66,0,81,21
278,69,54,45,45,0,60,0,75,36,18,0,78,0,72,0,78,48,0,36,78,72,51,0,39,48,0,111,27
279,27,60,39,54,0,30,0,54,30,42,0,84,0,60,0,81,72,0,48,48,69,96,0,75,66,0,90,15
280,39,45,39,45,0,45,0,42,24,27,0,87,0,75,0,87,66,0,63,45,84,96,0,60,36,0,96,39
281,63,63,39,36,0,42,0,57,54,15,0,63,0,63,0,93,63,0,51,90,81,63,0,66,30,0,87,21
282,45,36,60,45,0,57,0,66,27,45,0,87,0,84,0,90,45,0,30,63,57,75,0,36,69,0,87,36
283,57,30,30,30,0,45,0,96,72,27,0,72,0,51,0,75,54,0,30,84,69,69,0,72,60,0,93,24
284,60,45,45,45,0,27,0,81,24,24,0,66,0,63,0,72,63,0,57,84,57,84,0,66,39,0,102,36
285,66,57,24,42,0,39,0,69,57,30,0,81,0,69,0,87,78,0,36,51,87,87,0,27,39,0,93,21
286,51,60,27,39,0,66,0,60,33,27,0,69,0,63,0,75,72,0,39,81,72,99,0,66,30,0,93,18
287,66,39,39,24,0,39,0,54,51,60,0,78,0,63,0,69,57,0,48,63,36,81,0,75,78,0,105,15
288,36,57,48,48,0,60,0,81,33,39,0,57,0,66,0,96,69,0,36,72,57,87,0,39,42,0,99,18
289,54,30,45,42,0,30,0,90,27,33,0,81,0,72,0,99,90,0,39,48,66,84,0,45,42,0,99,24
290,39,48,45,45,0,30,0,60,51,24,0,72,0,60,0,75,36,0,60,69,75,93,0,69,51,0,108,30
291,54,45,27,39,0,60,0,69,48,33,0,45,0,57,0,96,84,0,27,78,54,96,0,60,63,0,78,27
292,54,45,69,42,0,24,0,78,60,30,0,66,0,81,0,72,93,0,48,66,30,75,0,54,39,0,96,18
293,51,42,42,93,0,60,0,69,39,9,0,69,0,48,0,81,81,0,27,48,51,87,0,78,51,0,90,24
294,66,66,33,48,0,36,0,60,33,33,0,48,0,54,0,105,51,0,42,66,66,75,0,63,57,0,96,42
295,81,45,21,33,0,60,0,90,39,42,0,90,0,81,0,57,69,0,24,36,69,72,0,78,51,0,84,18
296,27,48,27,42,0,60,0,81,51,54,0,57,0,75,0,93,78,0,36,78,60,90,0,45,27,0,84,27
297,36,45,36,66,0,36,0,81,27,72,0,96,0,75,0,102,57,0,39,63,60,78,0,54,24,0,78,15
298,48,48,45,39,0,39,0,69,48,42,0,81,0,69,0,81,87,0,48,51,39,69,0,72,51,0,105,9
299,45,18,48,48,0,36,0,81,51,36,0,93,0,75,0,78,54,0,45,45,66,99,0,36,60,0,99,27
300,63,60,39,51,0,27,0,48,48,12,0,87,0,63,0,57,66,0,63,69,54,81,0,75,57,0,81,39
301,36,24,39,51,0,42,0,96,51,27,0,72,0,63,0,60,75,0,75,78,54,57,0,72,54,0,90,24
302,36,57,57,12,0,33,0,81,18,21,0,81,0,63,0,84,57,0,63,45,60,69,0,78,72,0,105,48
303,51,75,33,48,0,78,0,75,48,15,0,84,0,60,0,93,54,0,48,51,33,78,0,24,51,0,90,51
304,69,30,42,48,0,57,0,54,66,63,0,78,0,90,0,36,57,0,57,51,84,78,0,54,21,0,93,12
305,54,39,39,39,0,60,0,45,51,36,0,72,0,75,0,96,51,0,54,87,57,78,0,48,36,0,108,15
306,72,42,48,36,0,36,0,60,39,39,0,81,0,66,0,75,45,0,60,78,69,72,0,57,66,0,93,6
307,27,54,33,39,0,39,0,75,27,63,0,54,0,84,0,72,69,0,57,69,75,87,0,48,60,0,87,21
308,72,54,42,42,0,72,0,69,27,42,0,84,0,48,0,84,45,0,27,60,81,84,0,72,42,0,69,24
309,69,27,54,66,0,24,0,60,42,60,0,63,0,87,0,81,48,0,30,42,84,87,0,36,63,0,81,36
310,42,63,36,36,0,36,0,78,54,30,0,63,0,72,0,99,93,0,48,33,78,69,0,57,39,0,99,15
311,54,45,57,48,0,54,0,51,36,30,0,87,0,78,0,60,90,0,30,54,60,72,0,60,54,0,84,36
312,72,42,27,39,0,69,0,45,39,57,0,60,0,84,0,87,78,0,18,45,84,87,0,60,39,0,84,24
313,69,21,39,48,0,57,0,78,57,36,0,93,0,57,0,87,39,0,63,45,42,84,0,51,60,0,99,15
314,27,45,36,21,0,36,0,72,48,45,0,78,0,84,0,78,57,0,69,60,72,90,0,24,75,0,87,36
315,45,30,48,54,0,39,0,48,45,42,0,60,0,96,0,75,75,0,42,81,60,84,0,39,60,0,93,24
316,81,36,48,27,0,45,0,75,45,21,0,51,0,78,0,93,48,0,72,45,66,84,0,66,51,0,102,6
317,66,42,48,51,0,51,0,63,12,27,0,72,0,72,0,87,75,0,45,72,84,75,0,33,54,0,96,15
318,60,24,24,42,0,60,0,36,51,27,0,72,0,93,0,57,81,0,69,72,78,69,0,54,60,0,69,42
319,51,18,36,21,0,51,0,63,48,60,0,78,0,93,0,48,51,0,48,63,63,72,0,87,51,0,102,36
320,63,15,57,60,0,48,0,60,33,36,0,84,0,84,0,69,51,0,39,45,57,75,0,54,81,0,93,36
321,30,57,36,48,0,39,0,75,27,36,0,90,0,78,0,99,60,0,36,60,54,60,0,45,78,0,84,48
322,48,42,51,54,0,45,0,81,39,33,0,75,0,60,0,93,78,0,33,63,72,75,0,63,51,0,63,21
323,63,45,18,48,0,42,0,84,18,18,0,78,0,69,0,93,51,0,57,66,66,93,0,39,51,0,105,36
324,21,18,51,57,0,39,0,87,51,42,0,93,0,45,0,102,72,0,36,69,66,63,0,45,51,0,93,39
325,51,30,54,48,0,39,0,69,27,27,0,87,0,78,0,72,90,0,66,60,57,84,0,30,57,0,99,15
326,48,66,66,60,0,63,0,63,45,24,0,84,0,78,0,75,63,0,54,42,30,63,0,81,33,0,75,27
327,30,39,33,45,0,48,0,69,36,36,0,84,0,87,0,72,57,0,48,36,81,93,0,60,63,0,102,21
328,45,75,24,42,0,42,0,75,9,51,0,69,0,78,0,96,90,0,45,69,54,63,0,51,42,0,93,27
329,51,54,42,75,0,75,0,69,45,36,0,39,0,57,0,96,51,0,33,72,84,75,0,45,42,0,93,6
330,63,60,45,18,0,54,0,78,30,33,0,66,0,69,0,78,81,0,54,72,36,81,0,27,72,0,96,27
331,36,27,51,54,0,66,0,54,27,27,0,81,0,66,0,90,69,0,36,51,81,69,0,63,78,0,81,33
332,99,63,21,15,0,39,0,54,42,45,0,75,0,63,0,96,48,0,54,66,42,96,0,36,81,0,75,30
333,42,42,24,30,0,60,0,81,30,48,0,57,0,69,0,75,69,0,36,69,78,84,0,69,66,0,90,21
334,66,63,48,39,0,60,0,48,57,18,0,69,0,75,0,75,48,0,30,63,84,102,0,30,54,0,87,24
335,57,57,33,69,0,30,0,72,57,42,0,51,0,81,0,78,57,0,30,39,66,84,0,45,39,0,99,54
336,57,39,39,45,0,54,0,57,42,39,0,81,0,54,0,99,57,0,63,48,39,72,0,72,69,0,81,33
337,39,48,30,33,0,42,0,63,54,24,0,84,0,96,0,81,75,0,30,60,75,81,0,51,60,0,87,27
338,57,63,42,39,0,72,0,48,54,36,0,66,0,45,0,75,66,0,45,75,60,78,0,51,57,0,96,15
339,42,51,66,27,0,69,0,69,33,12,0,48,0,75,0,69,84,0,33,69,84,93,0,30,57,0,96,33
340,60,66,24,30,0,30,0,87,12,51,0,78,0,63,0,78,51,0,48,72,63,90,0,63,69,0,87,18
341,36,48,42,36,0,39,0,66,51,21,0,84,0,84,0,90,63,0,48,51,84,69,0,60,48,0,96,24
342,48,36,54,51,0,30,0,39,36,39,0,72,0,57,0,90,72,0,45,66,51,84,0,75,69,0,96,30
343,51,45,42,63,0,24,0,90,45,39,0,72,0,90,0,63,60,0,63,66,78,63,0,42,33,0,87,24
344,63,39,42,42,0,27,0,42,60,18,0,81,0,60,0,78,57,0,78,60,81,87,0,60,42,0,105,18
345,45,36,30,75,0,30,0,72,39,45,0,78,0,51,0,87,51,0,48,84,57,87,0,60,66,0,81,18
346,45,69,72,54,0,24,0,78,27,21,0,81,0,75,0,78,60,0,27,69,81,90,0,36,39,0,93,21
347,72,69,24,42,0,36,0,66,63,18,0,96,0,63,0,81,51,0,60,72,39,84,0,48,45,0,90,21
348,48,45,39,54,0,63,0,57,42,18,0,69,0,87,0,48,93,0,72,45,45,78,0,63,57,0,78,39
349,36,36,60,18,0,51,0,69,48,42,0,75,0,84,0,81,63,0,21,69,84,84,0,60,51,0,84,24
350,66,42,45,45,0,66,0,39,57,36,0,87,0,84,0,72,57,0,42,63,69,51,0,57,48,0,99,15
351,39,42,81,51,0,48,0,75,30,9,0,63,0,75,0,81,75,0,54,60,72,84,0,54,33,0,81,33
352,33,27,81,60,0,60,0,63,54,27,0,81,0,96,0,81,81,0,33,39,54,78,0,42,39,0,87,24
353,39,24,30,30,0,75,0,48,57,39,0,69,0,93,0,96,66,0,51,36,60,72,0,45,66,0,102,42
354,48,42,48,48,0,39,0,60,30,45,0,78,0,72,0,75,54,0,60,48,75,84,0,84,42,0,78,30
355,39,51,48,24,0,54,0,66,42,24,0,78,0,72,0,93,54,0,66,81,39,54,0,78,30,0,93,54
356,48,42,39,51,0,72,0,57,48,9,0,78,0,42,0,84,72,0,21,51,78,66,0,69,78,0,102,33
357,66,36,24,75,0,36,0,57,48,18,0,78,0,72,0,87,63,0,36,84,78,84,0,60,30,0,90,18
358,75,30,45,24,0,36,0,90,30,3,0,78,0,81,0,60,96,0,42,63,60,81,0,75,39,0,96,36
359,39,54,36,60,0,84,0,99,39,21,0,87,0,60,0,78,45,0,48,57,69,60,0,63,21,0,87,33
360,54,36,69,45,0,36,0,69,45,18,0,69,0,90,0,72,93,0,57,39,54,60,0,57,54,0,90,33
361,21,45,36,51,0,57,0,75,48,18,0,81,0,84,0,84,60,0,39,81,69,81,0,63,24,0,93,30
362,54,45,36,21,0,45,0,48,48,72,0,87,0,45,0,57,78,0,27,57,102,84,0,60,75,0,78,21
363,48,48,60,39,0,54,0,72,27,39,0,93,0,90,0,84,51,0,27,57,57,87,0,45,57,0,84,21
364,60,69,33,75,0,57,0,69,42,30,0,78,0,78,0,33,75,0,33,45,66,72,0,54,39,0,102,30
365,30,84,57,36,0,36,0,66,30,24,0,72,0,99,0,75,66,0,33,84,54,81,0,63,69,0,78,3
366,63,33,27,30,0,36,0,69,30,48,0,63,0,90,0,99,33,0,54,69,60,87,0,66,81,0,78,24
367,57,51,27,39,0,78,0,60,36,30,0,75,0,90,0,87,54,0,39,69,39,84,0,69,54,0,66,36
368,75,36,60,72,0,57,0,60,24,15,0,87,0,51,0,75,84,0,33,72,66,81,0,51,45,0,78,18
369,48,63,51,72,0,48,0,75,27,15,0,81,0,60,0,72,66,0,75,48,63,78,0,45,48,0,93,12
370,63,18,42,57,0,30,0,51,27,45,0,72,0,93,0,90,66,0,51,81,63,36,0,75,57,0,105,18
371,33,51,36,72,0,54,0,48,66,33,0,69,0,96,0,87,66,0,36,72,69,63,0,30,51,0,93,15
372,54,33,45,54,0,45,0,54,60,27,0,72,0,84,0,63,69,0,51,96,72,90,0,33,60,0,66,12
373,51,51,51,63,0,39,0,57,33,39,0,75,0,54,0,99,87,0,27,51,57,87,0,57,33,0,99,30
374,27,39,42,75,0,33,0,63,51,54,0,72,0,63,0,81,66,0,24,72,45,96,0,45,66,0,90,36
375,51,51,27,57,0,54,0,87,18,21,0,69,0,66,0,84,69,0,51,81,72,81,0,36,39,0,99,27
376,21,60,24,33,0,48,0,60,69,30,0,90,0,63,0,69,75,0,63,81,57,93,0,54,33,0,81,36
377,42,60,54,24,0,48,0,57,45,42,0,54,0,72,0,105,75,0,66,21,57,90,0,48,75,0,75,30
378,72,54,33,57,0,63,0,66,63,45,0,78,0,81,0,102,66,0,27,69,45,42,0,30,27,0,81,39
379,30,45,36,54,0,42,0,63,33,42,0,72,0,69,0,96,78,0,36,45,72,102,0,69,66,0,63,27
380,45,54,33,36,0,54,0,66,42,30,0,93,0,84,0,81,72,0,42,66,51,84,0,36,39,0,102,30
381,48,45,36,45,0,36,0,60,69,21,0,81,0,84,0,75,60,0,42,96,21,93,0,72,42,0,81,33
382,54,66,57,36,0,48,0,90,30,36,0,84,0,72,0,75,45,0,48,72,63,96,0,54,39,0,60,15
383,45,63,39,27,0,51,0,60,33,27,0,87,0,78,0,78,87,0,63,66,51,93,0,27,27,0,102,36
384,60,66,45,54,0,48,0,75,54,36,0,57,0,54,0,63,45,0,30,66,75,84,0,66,66,0,57,39
385,78,33,66,33,0,30,0,48,42,30,0,42,0,78,0,75,72,0,48,60,69,87,0,57,54,0,102,36
386,96,51,54,21,0,24,0,78,42,18,0,90,0,69,0,81,57,0,27,69,72,63,0,60,51,0,99,18
387,45,63,45,21,0,45,0,39,57,48,0,102,0,51,0,78,72,0,54,66,54,63,0,60,51,0,96,30
388,51,48,42,36,0,39,0,81,75,33,0,72,0,69,0,87,72,0,6,69,48,93,0,39,51,0,93,36
389,42,63,24,57,0,33,0,57,27,27,0,93,0,66,0,81,48,0,51,87,87,75,0,51,36,0,84,51
390,51,57,60,30,0,63,0,72,24,51,0,81,0,75,0,90,69,0,54,66,78,54,0,27,39,0,78,21
391,54,30,15,51,0,66,0,78,24,30,0,66,0,75,0,96,63,0,39,51,72,87,0,51,66,0,99,27
392,60,51,30,54,0,30,0,72,30,36,0,60,0,66,0,96,63,0,15,81,60,102,0,75,63,0,78,18
393,24,36,33,18,0,75,0,36,36,36,0,51,0,93,0,84,66,0,51,60,72,69,0,87,57,0,102,54
394,60,42,48,57,0,33,0,54,60,36,0,51,0,84,0,81,60,0,78,60,54,81,0,57,45,0,78,21
395,60,45,54,63,0,18,0,51,54,12,0,75,0,69,0,75,60,0,45,69,63,99,0,42,63,0,93,30
396,42,27,63,60,0,60,0,63,24,54,0,75,0,75,0,66,87,0,36,54,75,69,0,81,21,0,96,12
397,54,30,93,33,0,39,0,72,39,33,0,60,0,93,0,87,66,0,48,54,81,63,0,57,30,0,93,15
398,45,57,36,51,0,69,0,72,33,39,0,48,0,90,0,69,54,0,48,51,57,63,0,69,66,0,87,36
399,36,48,18,51,0,63,0,75,48,33,0,81,0,72,0,60,72,0,45,51,69,78,0,42,54,0,99,45
400,51,27,39,54,0,63,0,66,24,21,0,78,0,66,0,81,72,0,48,72,57,72,0,66,72,0,99,12
401,36,60,60,24,0,45,0,60,54,21,0,93,0,72,0,72,72,0,36,42,60,48,0,84,78,0,99,24
402,18,30,48,36,0,45,0,63,45,30,0,51,0,90,0,87,81,0,69,63,90,54,0,78,57,0,81,24
403,33,54,24,48,0,42,0,57,36,33,0,66,0,78,0,90,84,0,36,87,81,78,0,42,45,0,105,21
404,51,42,60,72,0,33,0,54,57,48,0,69,0,66,0,66,51,0,63,87,30,84,0,36,27,0,84,60
405,51,39,42,36,0,36,0,54,54,21,0,63,0,69,0,96,66,0,42,84,66,78,0,69,54,0,90,30
406,48,45,39,66,0,51,0,57,24,33,0,93,0,69,0,84,75,0,42,39,78,69,0,45,84,0,93,6
407,36,48,21,42,0,45,0,60,60,39,0,78,0,99,0,75,72,0,24,87,63,93,0,42,60,0,72,24
408,36,54,54,51,0,36,0,63,36,24,0,87,0,33,0,87,96,0,45,72,51,51,0,78,48,0,99,39
409,66,51,33,51,0,39,0,39,51,24,0,87,0,57,0,90,39,0,33,93,66,78,0,60,66,0,99,18
410,78,30,39,36,0,48,0,75,48,27,0,60,0,66,0,78,93,0,27,33,51,105,0,78,51,0,69,48
411,72,45,60,33,0,39,0,66,45,30,0,66,0,72,0,69,51,0,33,72,48,102,0,42,57,0,102,36
412,75,36,27,33,0,48,0,69,36,63,0,93,0,39,0,78,81,0,48,54,69,75,0,39,66,0,105,6
413,84,72,75,57,0,48,0,42,30,33,0,75,0,72,0,72,54,0,48,63,39,78,0,45,57,0,69,27
414,54,45,27,54,0,60,0,69,27,39,0,51,0,63,0,84,45,0,72,75,63,84,0,66,54,0,96,12
415,75,75,33,18,0,51,0,60,27,21,0,84,0,75,0,81,33,0,54,84,75,87,0,54,42,0,72,39
416,45,51,39,45,0,36,0,63,30,21,0,75,0,66,0,81,54,0,36,72,66,102,0,57,66,0,108,27
417,42,39,48,51,0,60,0,78,45,30,0,96,0,66,0,66,72,0,48,24,63,78,0,72,39,0,99,24
418,66,48,45,27,0,81,0,42,54,21,0,78,0,63,0,81,48,0,33,63,57,90,0,60,39,0,111,33
419,36,21,48,48,0,51,0,54,60,39,0,60,0,60,0,99,96,0,30,51,57,87,0,36,66,0,111,30
420,45,51,21,30,0,45,0,72,51,21,0,60,0,102,0,102,63,0,42,84,60,54,0,60,54,0,102,21
421,60,45,27,33,0,48,0,78,18,33,0,57,0,87,0,84,78,0,39,51,69,69,0,75,63,0,87,39
422,42,24,51,36,0,72,0,51,48,45,0,87,0,48,0,75,102,0,39,51,36,87,0,48,75,0,81,42
423,51,39,27,72,0,54,0,84,39,24,0,78,0,66,0,54,66,0,24,39,66,90,0,48,57,0,111,51
424,63,21,27,30,0,45,0,66,48,45,0,60,0,75,0,75,81,0,42,57,81,51,0,66,66,0,99,42
425,18,54,57,57,0,42,0,54,39,27,0,60,0,69,0,87,60,0,51,60,90,96,0,42,57,0,99,21
426,45,27,27,30,0,66,0,63,24,39,0,72,0,96,0,78,57,0,42,75,75,72,0,72,27,0,99,54
427,60,48,15,51,0,39,0,78,36,39,0,66,0,87,0,69,78,0,57,90,57,99,0,57,36,0,69,9
428,63,57,36,63,0,21,0,72,42,39,0,69,0,75,0,57,63,0,54,57,39,102,0,39,60,0,93,39
429,45,21,57,57,0,39,0,69,36,39,0,78,0,75,0,102,63,0,63,63,69,69,0,54,48,0,81,12
430,51,45,45,42,0,57,0,69,57,12,0,57,0,87,0,90,60,0,51,69,27,84,0,48,75,0,93,21
431,51,60,30,54,0,51,0,75,21,21,0,51,0,96,0,72,63,0,30,75,63,99,0,48,54,0,93,33
432,39,45,33,36,0,54,0,75,69,15,0,72,0,54,0,87,90,0,69,69,54,66,0,57,57,0,78,21
433,30,36,51,36,0,60,0,72,63,36,0,72,0,81,0,69,78,0,45,54,60,78,0,42,48,0,87,42
434,54,30,42,66,0,63,0,63,39,45,0,78,0,69,0,99,54,0,45,48,66,66,0,57,42,0,96,18
435,48,39,30,33,0,45,0,69,27,39,0,78,0,72,0,87,75,0,60,51,33,99,0,48,60,0,87,60
436,66,21,36,57,0,33,0,48,57,27,0,72,0,93,0,69,69,0,54,57,60,90,0,60,54,0,93,24
437,54,54,45,45,0,39,0,72,60,45,0,87,0,84,0,78,54,0,57,66,51,78,0,36,54,0,60,21
438,36,54,30,57,0,54,0,51,27,39,0,99,0,75,0,81,60,0,24,48,78,96,0,42,78,0,90,21
439,39,51,24,60,0,24,0,60,39,36,0,75,0,69,0,78,90,0,51,48,87,66,0,33,75,0,96,39
440,39,78,21,45,0,33,0,87,30,57,0,81,0,66,0,96,48,0,30,78,54,69,0,51,42,0,108,27
441,51,51,30,57,0,51,0,48,45,24,0,57,0,96,0,90,75,0,48,69,30,72,0,72,51,0,93,30
442,39,72,54,60,0,39,0,63,36,45,0,81,0,51,0,111,81,0,60,48,54,69,0,18,60,0,69,30
443,60,39,45,39,0,51,0,87,33,18,0,54,0,75,0,75,63,0,39,45,81,72,0,63,51,0,90,60
444,51,42,33,24,0,45,0,57,48,60,0,87,0,75,0,90,69,0,60,48,75,57,0,48,69,0,93,9
445,30,45,30,18,0,36,0,87,63,42,0,66,0,48,0,75,72,0,63,72,69,93,0,51,33,0,87,60
446,69,57,42,45,0,45,0,42,57,48,0,75,0,75,0,99,96,0,36,60,54,66,0,18,57,0,75,24
447,63,36,18,39,0,51,0,57,81,48,0,90,0,69,0,87,57,0,63,81,42,69,0,51,24,0,96,18
448,54,51,45,54,0,66,0,90,51,6,0,75,0,75,0,78,51,0,42,48,84,63,0,54,27,0,93,33
449,45,30,48,57,0,54,0,39,42,30,0,75,0,84,0,90,57,0,57,60,72,63,0,72,48,0,99,18
450,69,42,45,39,0,48,0,72,36,45,0,87,0,66,0,66,78,0,42,54,57,105,0,15,66,0,75,33
451,30,63,45,69,0,48,0,99,51,21,0,60,0,54,0,93,69,0,39,48,57,60,0,42,51,0,105,36
452,45,36,48,45,0,39,0,69,48,39,0,60,0,57,0,66,78,0,42,72,75,99,0,27,69,0,90,36
453,33,63,54,48,0,48,0,84,54,18,0,72,0,42,0,102,84,0,33,66,54,54,0,66,48,0,93,24
454,42,69,24,30,0,33,0,72,54,27,0,78,0,81,0,75,54,0,66,63,57,96,0,42,42,0,96,39
455,69,45,60,60,0,30,0,78,51,51,0,72,0,69,0,69,72,0,36,63,33,69,0,54,60,0,72,27
456,39,69,33,24,0,45,0,81,54,45,0,72,0,57,0,66,90,0,42,57,63,84,0,51,60,0,84,24
457,57,36,27,66,0,36,0,54,39,51,0,66,0,78,0,78,63,0,39,90,66,96,0,30,45,0,99,24
458,63,60,51,39,0,42,0,63,69,51,0,81,0,63,0,72,54,0,27,84,36,78,0,51,54,0,87,15
459,60,30,27,60,0,42,0,51,45,39,0,57,0,54,0,78,87,0,21,60,75,93,0,66,69,0,84,42
460,84,18,42,33,0,57,0,81,33,36,0,75,0,87,0,96,42,0,24,60,66,51,0,57,42,0,102,54
461,51,51,21,36,0,15,0,81,33,42,0,60,0,90,0,84,87,0,36,45,63,84,0,66,75,0,93,27
462,66,39,45,69,0,66,0,60,15,39,0,96,0,72,0,48,84,0,57,84,39,87,0,21,48,0,84,21
463,39,39,51,30,0,69,0,51,27,33,0,69,0,72,0,66,51,0,54,69,93,99,0,51,69,0,63,45
464,39,30,48,30,0,36,0,72,36,51,0,90,0,66,0,96,66,0,54,72,57,51,0,45,69,0,93,39
465,33,60,54,66,0,54,0,69,63,42,0,54,0,75,0,78,75,0,54,48,84,81,0,18,27,0,78,27
466,75,33,51,24,0,33,0,51,72,39,0,75,0,84,0,60,69,0,42,60,54,78,0,51,66,0,102,21
467,39,90,27,18,0,54,0,72,42,54,0,81,0,96,0,57,63,0,27,69,51,72,0,42,63,0,96,27
468,69,33,66,54,0,48,0,69,39,27,0,78,0,66,0,60,90,0,51,63,60,75,0,42,48,0,87,15
469,24,42,45,51,0,63,0,66,30,15,0,60,0,54,0,90,81,0,45,63,69,87,0,63,75,0,90,27
470,81,27,42,60,0,42,0,87,51,15,0,81,0,84,0,51,84,0,45,63,51,72,0,36,24,0,99,45
471,96,33,36,39,0,51,0,45,48,24,0,69,0,63,0,93,69,0,69,81,69,60,0,54,27,0,93,21
472,75,66,39,48,0,36,0,39,57,48,0,75,0,99,0,102,48,0,18,69,45,63,0,63,51,0,90,9
473,42,18,42,78,0,57,0,78,54,33,0,66,0,72,0,75,75,0,45,33,69,60,0,69,36,0,90,48
474,45,36,36,48,0,72,0,81,51,42,0,54,0,93,0,72,96,0,24,57,63,72,0,39,60,0,75,24
475,39,54,51,36,0,27,0,72,51,42,0,75,0,90,0,90,84,0,39,51,45,75,0,57,33,0,90,39
476,42,42,54,27,0,42,0,45,54,39,0,90,0,69,0,69,99,0,39,63,39,81,0,66,60,0,102,18
477,30,42,54,54,0,90,0,78,45,9,0,93,0,69,0,72,63,0,33,78,36,87,0,48,36,0,84,39
478,69,48,57,15,0,42,0,63,33,39,0,87,0,36,0,84,78,0,51,81,72,69,0,60,39,0,99,18
479,51,54,30,39,0,69,0,57,21,30,0,96,0,66,0,87,78,0,42,66,60,63,0,66,30,0,102,33
480,69,63,48,30,0,48,0,63,48,24,0,78,0,72,0,93,45,0,60,54,72,69,0,51,27,0,99,27
481,45,66,30,60,0,48,0,99,42,39,0,66,0,60,0,90,45,0,51,51,51,90,0,30,72,0,84,21
482,69,24,30,48,0,21,0,69,18,33,0,93,0,90,0,66,72,0,54,72,84,81,0,36,42,0,102,36
483,66,48,51,36,0,60,0,30,30,42,0,81,0,78,0,93,63,0,36,72,69,87,0,36,42,0,93,27
484,45,66,66,45,0,66,0,63,33,30,0,60,0,72,0,60,51,0,39,57,63,96,0,69,42,0,96,21
485,78,57,12,48,0,39,0,63,48,15,0,78,0,78,0,78,51,0,27,69,45,87,0,63,75,0,87,42
486,63,42,24,63,0,33,0,72,51,30,0,63,0,42,0,90,72,0,36,54,84,87,0,66,24,0,96,48
487,48,36,42,60,0,36,0,69,48,39,0,87,0,84,0,87,33,0,45,75,81,75,0,42,30,0,96,27
488,48,57,66,66,0,18,0,78,42,60,0,57,0,66,0,87,48,0,60,54,54,81,0,30,66,0,78,24
489,57,42,57,27,0,45,0,84,72,27,0,81,0,72,0,75,42,0,36,54,78,81,0,45,51,0,105,9
490,48,42,45,48,0,39,0,84,27,30,0,84,0,72,0,84,48,0,18,51,66,105,0,48,69,0,96,36
491,54,66,24,42,0,45,0,90,66,30,0,75,0,90,0,69,48,0,54,57,63,48,0,54,45,0,81,39
492,51,60,33,27,0,69,0,78,45,30,0,51,0,60,0,81,69,0,21,84,72,66,0,60,69,0,99,15
493,33,39,51,69,0,48,0,78,42,51,0,48,0,81,0,102,48,0,75,66,48,54,0,45,54,0,84,24
494,45,54,90,36,0,27,0,81,42,36,0,75,0,60,0,78,39,0,78,78,78,57,0,48,51,0,75,12
495,84,48,42,72,0,51,0,57,51,57,0,60,0,66,0,66,69,0,39,69,69,63,0,36,27,0,96,18
496,42,51,42,51,0,72,0,57,9,24,0,78,0,81,0,81,69,0,21,84,69,78,0,51,48,0,87,45
497,27,42,33,51,0,66,0,51,42,42,0,57,0,63,0,81,102,0,66,45,78,96,0,30,57,0,102,9
498,51,54,33,66,0,30,0,69,51,27,0,78,0,75,0,90,24,0,48,60,66,75,0,63,57,0,99,24
499,48,57,54,45,0,63,0,78,48,3,0,48,0,78,0,84,75,0,24,84,51,84,0,36,48,0,105,27
500,36,36,54,30,0,54,0,36,69,21,0,87,0,78,0,78,81,0,42,90,66,45,0,57,69,0,87,24
501,48,42,48,33,0,51,0,69,21,24,0,51,0,81,0,99,51,0,42,90,63,81,0,57,57,0,78,54
502,12,81,33,72,0,69,0,66,33,42,0,87,0,78,0,60,51,0,54,78,45,84,0,42,57,0,84,12
503,72,51,54,45,0,60,0,84,48,21,0,81,0,69,0,54,57,0,39,84,42,87,0,60,45,0,69,18
504,27,42,39,39,0,33,0,72,63,30,0,102,0,75,0,72,81,0,27,90,54,72,0,54,69,0,84,15
505,45,45,39,54,0,66,0,57,45,27,0,87,0,93,0,51,39,0,42,75,72,81,0,45,66,0,90,21
506,48,36,66,33,0,54,0,69,36,33,0,69,0,60,0,90,69,0,42,48,90,81,0,39,54,0,99,24
507,27,57,27,54,0,42,0,72,18,39,0,60,0,75,0,87,51,0,66,90,51,75,0,78,48,0,90,33
508,45,45,36,66,0,60,0,66,45,15,0,84,0,66,0,93,66,0,69,42,57,78,0,30,57,0,105,15
509,60,54,42,45,0,45,0,63,33,15,0,66,0,78,0,63,84,0,63,48,60,81,0,66,48,0,90,36
510,27,63,27,18,0,57,0,96,30,12,0,96,0,72,0,90,42,0,54,57,72,81,0,66,48,0,87,45
511,51,57,12,36,0,66,0,54,36,27,0,90,0,81,0,84,81,0,33,54,75,63,0,39,36,0,96,69
512,75,60,33,36,0,30,0,51,30,60,0,72,0,69,0,105,54,0,51,60,72,84,0,45,60,0,78,15
513,45,36,21,45,0,57,0,69,66,24,0,75,0,81,0,90,63,0,60,63,48,81,0,45,63,0,93,15
514,42,57,33,33,0,36,0,69,36,24,0,78,0,66,0,87,54,0,54,84,63,84,0,51,69,0,87,33
515,45,42,63,66,0,27,0,69,33,30,0,90,0,78,0,54,87,0,33,60,81,93,0,27,57,0,81,24
516,30,66,54,21,0,57,0,63,42,39,0,66,0,60,0,78,78,0,81,45,60,69,0,54,81,0,87,9
517,9,24,66,66,0,33,0,57,54,33,0,63,0,81,0,69,57,0,48,54,72,87,0,96,57,0,90,24
518,69,60,45,57,0,36,0,54,54,12,0,93,0,72,0,66,54,0,57,78,78,54,0,48,39,0,87,27
519,51,27,60,33,0,48,0,96,42,45,0,90,0,63,0,60,96,0,57,54,60,75,0,45,24,0,93,21
520,69,66,36,42,0,75,0,72,36,15,0,84,0,66,0,84,75,0,24,45,75,57,0,27,63,0,96,33
521,54,48,27,30,0,69,0,96,51,39,0,72,0,60,0,72,45,0,45,60,63,90,0,48,39,0,93,39
522,51,51,57,45,0,27,0,63,39,30,0,66,0,84,0,96,66,0,54,45,51,81,0,57,18,0,111,48
523,27,48,48,60,0,36,0,84,36,63,0,78,0,57,0,84,72,0,33,57,39,90,0,48,45,0,87,48
524,78,21,39,60,0,51,0,81,57,24,0,75,0,57,0,81,51,0,36,51,75,78,0,54,63,0,87,21
525,45,54,33,60,0,57,0,75,24,60,0,66,0,75,0,81,57,0,48,69,72,42,0,60,57,0,81,24
526,81,33,39,30,0,42,0,72,42,45,0,78,0,57,0,57,63,0,54,69,75,99,0,27,72,0,96,9
527,27,48,51,15,0,36,0,84,27,42,0,45,0,60,0,81,81,0,69,69,84,81,0,63,57,0,102,18
528,21,39,30,57,0,30,0,75,54,24,0,69,0,81,0,90,69,0,54,63,45,72,0,72,69,0,105,21
529,60,45,27,45,0,45,0,72,36,39,0,78,0,81,0,66,75,0,63,60,42,72,0,51,39,0,111,33
530,45,30,30,24,0,21,0,57,21,39,0,81,0,81,0,81,93,0,90,69,63,72,0,48,63,0,99,33
531,69,39,24,63,0,54,0,72,51,51,0,63,0,45,0,84,42,0,51,57,90,72,0,48,69,0,81,15
532,87,69,51,18,0,57,0,69,21,33,0,87,0,78,0,78,60,0,48,54,54,57,0,72,39,0,96,12
533,36,75,18,51,0,15,0,45,57,30,0,48,0,66,0,90,69,0,42,105,66,66,0,60,78,0,96,27
534,57,36,21,57,0,36,0,51,60,33,0,78,0,81,0,84,60,0,60,42,72,87,0,63,60,0,75,27
535,42,45,78,24,0,42,0,69,42,39,0,96,0,66,0,75,69,0,57,60,57,81,0,18,36,0,99,45
536,93,36,33,69,0,39,0,78,21,24,0,72,0,75,0,45,87,0,63,51,60,90,0,60,51,0,75,18
537,51,18,51,51,0,42,0,78,33,39,0,90,0,84,0,54,39,0,60,66,63,69,0,48,69,0,102,33
538,57,42,57,57,0,42,0,54,24,24,0,69,0,90,0,75,66,0,33,66,81,69,0,66,66,0,93,9
539,72,66,18,54,0,54,0,66,48,36,0,90,0,63,0,93,60,0,42,30,63,66,0,39,30,0,99,51
540,45,54,42,42,0,51,0,81,39,45,0,84,0,63,0,57,72,0,36,84,63,84,0,33,57,0,75,33
541,63,39,42,48,0,81,0,21,30,39,0,72,0,63,0,69,60,0,69,39,75,66,0,75,75,0,96,18
542,21,30,24,54,0,69,0,87,27,39,0,72,0,63,0,75,60,0,63,57,81,90,0,42,75,0,84,27
543,54,42,39,36,0,75,0,78,42,36,0,75,0,78,0,63,57,0,27,51,57,69,0,72,51,0,111,27
544,24,63,15,48,0,63,0,72,30,48,0,96,0,84,0,51,72,0,42,45,66,78,0,54,39,0,105,45
545,90,60,33,24,0,57,0,48,51,42,0,90,0,63,0,60,36,0,84,87,60,69,0,27,36,0,78,45
546,39,51,24,69,0,99,0,54,60,54,0,42,0,87,0,75,84,0,42,42,60,75,0,48,21,0,96,18
547,66,27,75,39,0,63,0,57,27,57,0,60,0,69,0,72,81,0,39,45,69,90,0,75,30,0,78,21
548,36,48,63,24,0,72,0,42,39,54,0,54,0,54,0,51,90,0,39,66,81,87,0,54,72,0,78,36
549,69,36,54,63,0,18,0,63,87,24,0,57,0,45,0,90,66,0,42,66,60,69,0,69,69,0,78,15
550,45,57,48,39,0,51,0,87,24,54,0,66,0,75,0,84,51,0,63,63,45,66,0,33,63,0,93,33
551,39,69,21,27,0,66,0,96,45,33,0,78,0,78,0,60,18,0,36,69,84,72,0,57,57,0,93,42
552,42,69,39,30,0,27,0,81,30,24,0,75,0,63,0,87,69,0,39,84,72,78,0,75,54,0,90,12
553,45,24,45,60,0,33,0,87,36,45,0,39,0,108,0,75,87,0,39,51,72,66,0,57,51,0,96,24
554,24,66,39,57,0,54,0,63,66,33,0,75,0,54,0,63,66,0,42,57,57,60,0,72,57,0,108,27
555,66,39,57,48,0,51,0,45,42,21,0,66,0,78,0,90,60,0,33,51,60,87,0,54,60,0,93,39
556,33,63,51,60,0,15,0,78,48,33,0,78,0,42,0,93,81,0,66,78,30,87,0,27,63,0,90,24
557,42,36,27,63,0,75,0,87,24,27,0,72,0,72,0,72,72,0,57,39,69,81,0,60,60,0,96,9
558,66,18,27,60,0,33,0,72,39,36,0,72,0,93,0,90,66,0,39,66,72,75,0,39,48,0,66,63
559,36,69,54,30,0,60,0,51,36,21,0,57,0,72,0,75,57,0,60,69,69,90,0,57,54,0,105,18
560,57,48,63,48,0,72,0,42,21,36,0,87,0,66,0,69,75,0,48,72,27,81,0,42,51,0,96,39
561,33,36,63,48,0,78,0,84,30,12,0,48,0,78,0,72,78,0,72,54,57,66,0,69,48,0,93,21
562,45,75,42,51,0,24,0,69,30,39,0,48,0,87,0,81,54,0,90,45,39,93,0,36,78,0,99,15
563,45,63,24,54,0,30,0,57,45,54,0,93,0,48,0,99,60,0,45,63,57,87,0,66,33,0,96,21
564,51,54,48,51,0,39,0,75,60,27,0,57,0,75,0,84,57,0,63,72,72,90,0,30,27,0,93,15
565,39,63,27,63,0,45,0,33,30,78,0,51,0,60,0,99,75,0,54,48,51,87,0,69,57,0,87,24
566,60,33,42,24,0,69,0,81,39,57,0,63,0,72,0,72,60,0,48,69,54,84,0,39,66,0,93,15
567,93,66,24,63,0,33,0,39,24,39,0,42,0,69,0,93,57,0,60,72,63,72,0,51,63,0,84,33
568,60,42,18,57,0,39,0,54,45,36,0,84,0,45,0,69,78,0,45,78,81,54,0,48,63,0,93,51
569,42,21,51,51,0,54,0,66,21,42,0,105,0,84,0,93,57,0,33,72,51,93,0,45,45,0,75,39
570,36,15,51,30,0,57,0,45,75,60,0,66,0,78,0,81,78,0,45,84,60,87,0,54,39,0,84,15
571,66,75,48,42,0,75,0,57,57,27,0,66,0,54,0,69,84,0,48,60,45,60,0,21,42,0,108,36
572,66,45,24,27,0,48,0,90,27,30,0,60,0,57,0,90,45,0,42,69,75,78,0,51,66,0,102,48
573,39,60,21,51,0,39,0,63,33,66,0,90,0,72,0,63,69,0,54,75,69,81,0,54,60,0,72,9
574,54,72,51,30,0,45,0,87,45,39,0,66,0,24,0,78,63,0,45,87,57,60,0,57,51,0,81,48
575,42,51,27,33,0,81,0,69,45,30,0,51,0,90,0,96,75,0,30,75,63,69,0,48,51,0,105,9
576,30,60,24,66,0,63,0,72,54,33,0,33,0,54,0,96,39,0,72,87,63,72,0,48,36,0,96,42
577,57,51,57,57,0,54,0,72,36,18,0,63,0,90,0,63,66,0,18,66,75,84,0,54,30,0,99,30
578,75,54,30,72,0,36,0,66,33,27,0,72,0,72,0,81,84,0,36,72,57,78,0,42,63,0,84,6
579,48,45,39,63,0,51,0,57,33,18,0,75,0,63,0,105,78,0,24,60,63,75,0,93,36,0,72,42
580,66,30,63,42,0,36,0,84,33,27,0,72,0,66,0,48,69,0,51,90,66,66,0,54,63,0,93,21
581,30,66,24,60,0,24,0,75,45,42,0,78,0,93,0,96,57,0,63,66,60,81,0,33,39,0,75,33
582,78,45,51,60,0,24,0,81,33,39,0,66,0,81,0,81,78,0,39,54,54,96,0,39,60,0,72,9
583,78,48,36,42,0,60,0,69,24,33,0,84,0,78,0,96,54,0,36,51,66,72,0,39,57,0,105,12
584,54,30,30,57,0,51,0,60,39,12,0,63,0,81,0,99,81,0,66,42,45,87,0,51,87,0,99,6
585,81,24,15,45,0,48,0,72,57,24,0,72,0,69,0,90,66,0,75,33,66,75,0,57,60,0,102,9
586,48,57,87,45,0,36,0,96,27,21,0,57,0,72,0,84,48,0,60,60,45,48,0,75,45,0,99,30
587,57,75,48,81,0,39,0,45,36,33,0,69,0,63,0,93,51,0,33,75,75,57,0,42,36,0,93,39
588,39,57,57,39,0,24,0,60,45,27,0,84,0,69,0,81,42,0,45,39,75,96,0,78,57,0,99,27
589,57,54,36,27,0,60,0,69,24,33,0,72,0,60,0,81,96,0,51,69,54,99,0,51,51,0,87,9
590,45,21,45,63,0,54,0,72,39,57,0,81,0,51,0,87,81,0,78,33,51,78,0,42,57,0,96,9
591,63,72,45,33,0,84,0,60,57,18,0,69,0,87,0,93,63,0,27,72,39,75,0,18,42,0,108,15
592,57,54,36,60,0,45,0,51,57,45,0,90,0,60,0,93,66,0,54,63,81,69,0,24,39,0,78,18
593,45,63,57,30,0,54,0,69,75,42,0,60,0,81,0,66,75,0,63,63,72,57,0,36,30,0,78,24
594,66,45,54,30,0,42,0,66,30,24,0,84,0,81,0,72,81,0,69,51,57,75,0,51,39,0,102,21
595,48,30,54,45,0,69,0,54,48,42,0,66,0,69,0,84,63,0,57,57,84,72,0,30,51,0,99,18
596,27,51,45,66,0,48,0,69,24,51,0,99,0,81,0,90,39,0,57,72,51,78,0,39,54,0,78,21
597,54,57,30,51,0,51,0,36,54,24,0,66,0,90,0,48,63,0,27,66,84,69,0,75,42,0,108,45
598,48,72,33,54,0,51,0,93,36,30,0,75,0,90,0,69,75,0,48,66,30,75,0,27,48,0,102,18
599,48,51,42,75,0,66,0,39,30,33,0,66,0,81,0,93,66,0,57,72,48,78,0,21,51,0,66,57
600,75,60,39,45,0,45,0,75,57,30,0,63,0,75,0,57,69,0,36,72,51,48,0,54,78,0,93,18
601,33,45,42,36,0,39,0,75,36,60,0,78,0,54,0,57,69,0,54,75,75,90,0,51,63,0,93,15
602,21,33,36,12,0,66,0,57,57,45,0,90,0,93,0,84,72,0,51,69,48,81,0,51,45,0,99,30
603,69,48,54,39,0,63,0,69,27,36,0,57,0,63,0,90,72,0,27,45,63,60,0,45,48,0,102,63
604,51,63,45,57,0,42,0,57,39,33,0,63,0,69,0,81,72,0,54,72,72,72,0,30,72,0,90,6
605,78,57,51,66,0,48,0,60,42,27,0,69,0,81,0,69,60,0,21,72,84,93,0,60,21,0,72,9
606,75,39,27,54,0,57,0,75,39,27,0,66,0,84,0,84,66,0,33,69,24,78,0,75,54,0,87,27
607,42,57,15,33,0,63,0,78,30,63,0,75,0,51,0,78,63,0,39,72,57,96,0,69,48,0,90,21
608,54,54,63,33,0,69,0,45,45,30,0,75,0,72,0,90,90,0,42,30,87,84,0,18,66,0,66,27
609,78,69,33,63,0,45,0,78,33,30,0,93,0,66,0,81,75,0,63,78,36,48,0,48,30,0,72,21
610,69,36,36,45,0,48,0,30,51,30,0,63,0,69,0,72,93,0,72,66,69,60,0,45,93,0,78,15
611,42,54,51,72,0,63,0,69,27,30,0,81,0,54,0,78,24,0,69,72,69,78,0,63,33,0,99,12
612,42,78,21,39,0,51,0,72,48,24,0,72,0,75,0,87,78,0,27,48,69,84,0,72,54,0,84,15
613,39,45,33,42,0,57,0,51,48,66,0,66,0,81,0,72,57,0,42,57,78,99,0,36,51,0,102,18
614,51,66,33,39,0,60,0,78,36,24,0,81,0,72,0,75,36,0,69,75,75,75,0,48,60,0,81,6
615,66,69,6,48,0,75,0,60,45,30,0,87,0,72,0,84,45,0,60,75,45,66,0,30,15,0,93,69
616,57,63,33,45,0,48,0,63,42,27,0,93,0,63,0,66,54,0,48,75,54,75,0,57,39,0,105,33
617,54,36,66,21,0,54,0,72,33,15,0,63,0,78,0,57,78,0,75,87,75,72,0,45,39,0,96,24
618,30,63,48,63,0,45,0,72,48,48,0,78,0,84,0,87,45,0,51,51,36,81,0,42,69,0,72,27
619,45,60,24,42,0,75,0,81,54,30,0,57,0,69,0,75,54,0,36,78,57,93,0,36,45,0,105,24
620,48,57,63,27,0,48,0,81,60,21,0,75,0,45,0,81,63,0,27,66,42,93,0,54,63,0,96,30
621,33,33,57,42,0,42,0,51,51,36,0,87,0,72,0,78,60,0,48,51,57,108,0,60,54,0,90,30
622,42,42,33,57,0,42,0,27,36,27,0,81,0,90,0,87,66,0,48,48,75,75,0,60,72,0,90,42
623,18,39,78,33,0,51,0,81,57,24,0,69,0,78,0,99,42,0,45,69,72,78,0,57,57,0,69,24
624,48,63,45,30,0,90,0,39,36,36,0,48,0,63,0,90,63,0,36,63,63,93,0,45,60,0,99,30
625,27,42,27,30,0,54,0,48,24,30,0,81,0,81,0,81,60,0,51,57,69,90,0,78,78,0,105,27
626,42,48,36,60,0,54,0,63,18,48,0,54,0,57,0,75,78,0,69,78,69,81,0,63,30,0,78,39
627,42,39,18,39,0,45,0,96,21,42,0,60,0,78,0,75,66,0,33,81,66,84,0,60,60,0,90,45
628,75,63,30,54,0,33,0,63,57,60,0,72,0,69,0,78,51,0,45,69,60,72,0,33,45,0,102,9
629,51,36,33,18,0,45,0,72,30,54,0,96,0,69,0,75,72,0,51,99,72,72,0,42,51,0,90,12
630,33,33,42,54,0,36,0,63,57,57,0,96,0,57,0,102,42,0,27,78,78,66,0,39,75,0,78,27
631,51,51,30,51,0,39,0,72,51,33,0,78,0,66,0,78,90,0,33,78,51,81,0,42,63,0,90,12
632,36,60,48,39,0,48,0,90,33,39,0,78,0,78,0,90,51,0,54,54,60,78,0,48,45,0,96,15
633,45,54,36,18,0,42,0,72,57,54,0,51,0,87,0,75,78,0,45,72,48,84,0,36,60,0,93,33
634,60,63,51,57,0,48,0,51,75,30,0,45,0,60,0,84,72,0,30,57,63,87,0,36,45,0,99,27
635,51,33,57,36,0,51,0,78,51,15,0,84,0,87,0,75,45,0,72,48,63,81,0,39,42,0,111,21
636,45,48,36,36,0,27,0,54,33,6,0,90,0,66,0,75,72,0,54,75,81,93,0,69,66,0,81,33
637,78,30,39,36,0,57,0,75,39,42,0,87,0,72,0,102,75,0,33,60,51,57,0,27,42,0,93,45
638,45,66,33,30,0,21,0,72,51,21,0,66,0,96,0,81,75,0,45,78,45,90,0,63,33,0,87,42
639,54,36,45,45,0,45,0,57,36,30,0,90,0,60,0,93,63,0,72,63,57,99,0,57,45,0,75,18
640,54,63,51,42,0,45,0,66,66,27,0,93,0,78,0,75,39,0,33,30,45,66,0,69,90,0,69,39
641,36,36,51,39,0,84,0,84,27,12,0,87,0,81,0,60,87,0,54,51,63,57,0,48,75,0,75,33
642,69,48,69,42,0,39,0,75,39,45,0,63,0,60,0,87,72,0,36,42,60,75,0,51,60,0,93,15
643,45,69,30,54,0,30,0,87,57,18,0,93,0,57,0,84,63,0,48,87,63,48,0,69,42,0,72,24
644,60,57,36,45,0,15,0,84,54,36,0,57,0,63,0,81,72,0,39,72,54,99,0,51,39,0,90,36
645,63,63,39,36,0,66,0,66,45,18,0,75,0,63,0,87,66,0,15,45,72,96,0,45,60,0,93,27
646,33,30,39,42,0,42,0,84,42,60,0,75,0,69,0,99,63,0,63,75,39,51,0,54,63,0,90,27
647,90,48,24,42,0,54,0,36,69,48,0,93,0,69,0,66,39,0,45,39,63,81,0,39,48,0,111,36
648,42,51,30,33,0,51,0,99,45,42,0,69,0,48,0,93,84,0,18,60,72,87,0,60,51,0,90,15
649,75,42,21,45,0,54,0,66,27,51,0,72,0,90,0,84,48,0,36,60,63,84,0,81,66,0,66,9
650,60,57,30,42,0,36,0,87,21,21,0,87,0,90,0,72,60,0,51,51,69,87,0,60,51,0,87,21
651,66,42,42,36,0,42,0,42,42,42,0,57,0,75,0,63,90,0,45,66,45,93,0,51,87,0,93,21
652,15,69,63,60,0,27,0,81,48,9,0,54,0,63,0,93,84,0,42,69,87,66,0,69,42,0,78,21
653,24,42,60,51,0,75,0,39,60,30,0,81,0,87,0,90,66,0,36,81,54,63,0,27,63,0,93,18
654,24,36,63,51,0,39,0,72,36,66,0,81,0,81,0,63,93,0,48,60,54,75,0,48,48,0,81,21
655,51,39,69,60,0,51,0,81,30,36,0,75,0,78,0,39,60,0,51,18,69,81,0,66,69,0,99,18
656,36,9,36,60,0,72,0,66,45,51,0,81,0,60,0,102,57,0,72,84,36,57,0,54,51,0,87,24
657,42,18,21,54,0,39,0,69,69,27,0,69,0,81,0,90,66,0,39,96,84,81,0,54,51,0,75,15
658,84,78,45,60,0,48,0,63,51,54,0,78,0,54,0,75,78,0,27,72,48,51,0,51,42,0,60,21
659,78,75,18,33,0,51,0,66,36,57,0,45,0,66,0,75,57,0,39,78,78,72,0,66,48,0,90,12
660,72,27,21,42,0,45,0,63,48,42,0,39,0,75,0,102,69,0,21,42,81,96,0,66,42,0,114,33
661,45,69,36,36,0,45,0,72,42,33,0,84,0,60,0,78,78,0,42,69,66,84,0,51,18,0,105,27
662,54,57,57,24,0,21,0,90,33,42,0,60,0,66,0,84,78,0,36,72,63,75,0,63,57,0,93,15
663,60,60,27,51,0,51,0,75,42,54,0,57,0,63,0,96,39,0,33,48,81,87,0,51,39,0,87,39
664,39,69,48,45,0,60,0,60,27,36,0,54,0,60,0,75,81,0,39,45,81,87,0,45,69,0,108,12
665,30,81,33,39,0,48,0,75,69,39,0,87,0,84,0,102,66,0,42,39,60,42,0,54,51,0,93,6
666,63,51,18,24,0,75,0,63,42,24,0,63,0,75,0,90,69,0,30,66,78,84,0,57,66,0,75,27
667,72,60,21,36,0,57,0,57,27,60,0,87,0,81,0,75,78,0,39,54,72,78,0,33,30,0,96,27
668,60,30,51,57,0,33,0,75,48,30,0,78,0,78,0,66,78,0,27,45,39,72,0,66,69,0,102,36
669,51,60,24,42,0,90,0,90,39,21,0,87,0,81,0,72,60,0,45,42,33,72,0,51,69,0,105,6
670,36,60,57,36,0,60,0,81,18,51,0,78,0,72,0,69,78,0,45,33,51,96,0,33,48,0,99,39
671,60,60,18,48,0,48,0,30,45,30,0,60,0,63,0,93,87,0,60,66,63,84,0,63,57,0,87,18
672,24,45,33,45,0,33,0,72,57,39,0,66,0,96,0,87,72,0,51,69,42,72,0,63,75,0,84,15
673,69,60,51,42,0,36,0,69,30,33,0,60,0,60,0,63,54,0,51,57,75,78,0,63,63,0,87,39
674,33,57,27,72,0,33,0,57,57,33,0,57,0,75,0,87,69,0,24,69,99,78,0,48,57,0,81,27
675,75,57,57,36,0,39,0,69,42,9,0,84,0,72,0,81,93,0,57,69,42,87,0,51,24,0,72,24
676,66,33,45,36,0,63,0,66,48,30,0,51,0,63,0,69,60,0,33,72,69,99,0,57,42,0,93,45
677,36,48,39,75,0,66,0,57,72,21,0,84,0,75,0,75,42,0,72,60,69,75,0,33,66,0,60,15
678,51,54,27,81,0,69,0,66,54,30,0,60,0,96,0,75,69,0,42,45,42,90,0,57,24,0,96,12
679,54,48,33,18,0,57,0,84,60,18,0,78,0,72,0,63,45,0,69,72,57,60,0,51,60,0,108,33
680,63,33,39,51,0,60,0,45,57,27,0,69,0,90,0,87,78,0,63,66,57,57,0,36,48,0,93,21
681,51,57,57,27,0,12,0,48,39,33,0,96,0,87,0,69,51,0,81,81,81,81,0,39,48,0,81,21
682,72,27,33,30,0,42,0,69,21,42,0,81,0,90,0,81,54,0,63,45,84,63,0,54,66,0,96,27
683,66,45,30,27,0,45,0,69,51,30,0,81,0,90,0,87,66,0,54,42,60,54,0,72,57,0,102,12
684,63,42,54,39,0,51,0,69,63,21,0,84,0,75,0,72,81,0,30,72,24,81,0,57,60,0,87,15
685,51,30,42,60,0,45,0,75,72,15,0,81,0,75,0,51,75,0,75,51,81,93,0,33,33,0,84,18
686,39,48,24,39,0,24,0,96,78,63,0,72,0,54,0,84,48,0,36,69,66,75,0,69,36,0,84,36
687,27,51,51,51,0,39,0,54,42,60,0,69,0,69,0,87,45,0,57,63,66,96,0,39,66,0,81,27
688,48,36,51,24,0,45,0,66,66,30,0,78,0,54,0,87,69,0,51,69,78,96,0,33,57,0,72,30
689,30,66,27,45,0,45,0,51,42,27,0,69,0,48,0,93,72,0,51,72,69,81,0,60,78,0,78,36
690,60,45,57,57,0,66,0,51,51,36,0,93,0,75,0,78,63,0,45,54,72,63,0,30,36,0,78,30
691,57,51,36,96,0,36,0,63,33,33,0,45,0,48,0,93,48,0,72,72,66,93,0,60,45,0,93,0
692,63,30,33,72,0,36,0,75,69,48,0,78,0,87,0,69,45,0,12,78,81,78,0,54,51,0,66,15
693,66,39,30,63,0,51,0,72,33,12,0,78,0,78,0,69,57,0,66,54,84,75,0,63,42,0,75,33
694,51,30,51,24,0,57,0,66,42,51,0,87,0,72,0,63,102,0,63,72,45,96,0,24,42,0,78,24
695,60,45,36,66,0,36,0,45,48,36,0,81,0,84,0,60,78,0,54,81,45,108,0,51,27,0,90,9
696,60,75,45,42,0,39,0,63,42,27,0,75,0,75,0,63,90,0,69,30,60,84,0,33,42,0,99,27
697,60,57,12,63,0,72,0,72,69,48,0,66,0,60,0,66,63,0,39,45,81,87,0,36,39,0,75,30
698,27,54,51,24,0,51,0,48,66,48,0,84,0,45,0,93,72,0,63,60,48,72,0,63,57,0,66,48
699,57,66,42,42,0,45,0,54,63,9,0,78,0,72,0,93,60,0,66,57,72,69,0,54,21,0,102,18
700,45,45,30,36,0,75,0,75,60,30,0,72,0,69,0,87,81,0,39,54,33,90,0,60,60,0,78,21
701,69,33,27,24,0,45,0,66,42,36,0,72,0,63,0,75,66,0,36,87,81,69,0,78,63,0,84,24
702,75,45,42,27,0,69,0,48,45,48,0,75,0,90,0,87,63,0,69,51,24,48,0,51,51,0,105,27
703,27,24,48,45,0,69,0,78,21,39,0,57,0,81,0,81,57,0,48,87,69,75,0,45,75,0,87,27
704,60,27,18,24,0,36,0,75,51,45,0,78,0,90,0,102,69,0,60,69,45,78,0,66,75,0,48,24
705,57,51,36,48,0,54,0,87,51,24,0,60,0,72,0,87,81,0,60,57,48,72,0,39,24,0,96,36
706,48,69,27,45,0,39,0,81,36,45,0,81,0,78,0,69,75,0,60,54,60,84,0,39,54,0,75,21
707,39,48,39,42,0,54,0,69,69,33,0,60,0,87,0,78,66,0,30,54,75,96,0,42,48,0,81,30
708,81,21,45,30,0,42,0,96,15,27,0,63,0,60,0,72,66,0,63,57,39,81,0,90,63,0,99,30
709,36,42,33,21,0,45,0,72,45,51,0,78,0,66,0,72,60,0,48,87,75,90,0,63,45,0,87,24
710,60,33,24,60,0,54,0,78,36,33,0,93,0,54,0,69,54,0,93,33,66,75,0,72,24,0,93,36
711,45,24,66,48,0,54,0,72,27,12,0,72,0,90,0,66,90,0,57,54,72,63,0,24,75,0,87,42
712,48,36,51,45,0,66,0,78,69,24,0,90,0,78,0,78,39,0,39,54,57,84,0,27,66,0,93,18
713,57,30,45,45,0,45,0,78,42,21,0,66,0,51,0,93,78,0,57,72,78,90,0,45,36,0,93,18
714,84,63,48,27,0,39,0,42,51,21,0,81,0,63,0,102,60,0,54,60,72,54,0,57,33,0,111,18
715,48,45,27,30,0,57,0,96,54,24,0,33,0,51,0,75,90,0,48,84,66,51,0,69,57,0,99,36
716,63,54,51,48,0,45,0,78,45,24,0,72,0,84,0,75,78,0,39,78,39,72,0,24,63,0,84,24
717,36,48,27,60,0,21,0,30,54,36,0,87,0,90,0,90,66,0,51,27,51,102,0,51,81,0,99,33
718,60,30,24,48,0,54,0,54,33,39,0,78,0,81,0,69,18,0,63,69,57,108,0,66,72,0,81,36
719,30,51,75,27,0,42,0,57,36,39,0,78,0,69,0,84,69,0,45,66,69,96,0,54,42,0,84,27
720,63,60,39,51,0,57,0,69,30,30,0,81,0,75,0,93,51,0,60,60,42,60,0,57,57,0,87,18
721,36,39,42,48,0,60,0,72,48,33,0,66,0,75,0,84,63,0,51,60,84,84,0,42,48,0,75,30
722,54,57,21,48,0,45,0,66,57,51,0,24,0,102,0,81,54,0,45,78,84,54,0,54,51,0,81,33
723,54,42,60,60,0,30,0,48,48,45,0,81,0,90,0,84,81,0,42,39,72,72,0,36,42,0,87,27
724,39,60,42,42,0,45,0,33,24,33,0,54,0,54,0,72,78,0,33,81,84,99,0,57,63,0,81,66
725,63,57,48,57,0,48,0,66,27,30,0,78,0,69,0,54,84,0,33,51,69,54,0,39,90,0,108,15
726,54,33,45,39,0,36,0,69,57,9,0,66,0,81,0,78,72,0,54,84,48,78,0,63,51,0,102,21
727,42,39,60,42,0,33,0,75,45,15,0,90,0,51,0,54,75,0,51,66,90,75,0,69,51,0,96,21
728,30,33,42,57,0,75,0,57,75,24,0,78,0,57,0,84,51,0,36,63,72,81,0,39,87,0,81,18
729,57,36,48,33,0,21,0,63,51,21,0,84,0,75,0,99,63,0,51,54,66,90,0,51,54,0,93,30
730,78,66,18,39,0,54,0,66,21,39,0,63,0,75,0,45,84,0,63,45,54,45,0,93,75,0,105,12
731,18,39,33,60,0,39,0,72,39,42,0,90,0,66,0,75,60,0,57,84,57,87,0,72,27,0,87,36
732,51,45,21,45,0,75,0,84,24,21,0,63,0,72,0,105,45,0,27,78,48,96,0,39,78,0,96,27
733,51,69,33,51,0,75,0,57,51,51,0,69,0,72,0,72,42,0,57,75,36,84,0,51,57,0,75,12
734,75,36,18,45,0,42,0,60,72,21,0,75,0,96,0,90,60,0,27,48,69,93,0,48,63,0,84,18
735,57,30,27,66,0,39,0,90,51,51,0,81,0,45,0,102,60,0,30,78,69,78,0,57,48,0,75,6
736,60,54,63,57,0,33,0,72,36,42,0,93,0,69,0,72,66,0,42,81,48,48,0,39,54,0,99,12
737,66,45,66,36,0,45,0,72,18,39,0,75,0,66,0,60,78,0,45,78,54,78,0,69,33,0,84,33
738,33,51,33,48,0,54,0,78,33,42,0,84,0,93,0,90,63,0,54,48,45,72,0,57,42,0,93,27
739,51,27,36,66,0,33,0,48,75,36,0,78,0,39,0,93,90,0,60,72,39,75,0,30,54,0,96,42
740,33,66,57,30,0,15,0,69,54,48,0,66,0,66,0,96,24,0,45,66,75,84,0,72,48,0,90,36
741,45,51,33,57,0,39,0,51,66,27,0,87,0,60,0,81,72,0,54,51,48,84,0,60,84,0,81,9
742,45,36,57,60,0,27,0,72,42,45,0,72,0,57,0,75,42,0,84,60,75,78,0,24,63,0,99,27
743,48,24,24,39,0,51,0,72,60,51,0,81,0,51,0,87,96,0,36,81,69,90,0,51,36,0,75,18
744,27,36,72,24,0,21,0,90,48,51,0,81,0,96,0,84,42,0,21,51,54,84,0,78,57,0,90,33
745,60,33,45,78,0,42,0,42,33,30,0,66,0,96,0,60,78,0,42,57,84,69,0,60,33,0,93,39
746,45,54,69,36,0,30,0,60,63,6,0,60,0,72,0,60,42,0,51,42,69,87,0,81,81,0,90,42
747,48,39,45,30,0,42,0,96,33,45,0,60,0,93,0,75,72,0,45,57,60,63,0,78,42,0,108,9
748,54,30,27,48,0,42,0,60,30,30,0,69,0,75,0,81,78,0,48,84,51,66,0,78,81,0,81,27
749,48,48,45,63,0,15,0,48,39,54,0,93,0,42,0,96,60,0,45,78,51,87,0,66,48,0,90,24
750,54,51,18,48,0,45,0,69,72,30,0,60,0,57,0,75,78,0,30,51,84,93,0,69,45,0,87,24
751,48,87,57,57,0,24,0,90,39,42,0,69,0,99,0,72,45,0,36,54,72,72,0,57,39,0,75,6
752,51,63,33,54,0,51,0,51,45,33,0,57,0,66,0,45,81,0,78,39,69,69,0,78,66,0,93,18
753,21,63,54,48,0,33,0,93,27,21,0,78,0,78,0,69,57,0,45,84,51,87,0,63,69,0,90,9
754,45,24,72,24,0,27,0,78,33,48,0,72,0,54,0,78,72,0,60,51,63,87,0,72,45,0,99,36
755,39,54,39,51,0,30,0,81,51,39,0,84,0,96,0,57,54,0,66,96,51,87,0,48,42,0,57,18
756,54,42,9,24,0,75,0,69,48,42,0,69,0,75,0,66,75,0,78,72,45,75,0,69,36,0,93,24
757,63,24,60,87,0,57,0,60,42,48,0,63,0,51,0,78,72,0,69,69,51,60,0,27,51,0,90,18
758,69,27,42,21,0,54,0,81,45,60,0,81,0,63,0,90,51,0,36,57,72,84,0,51,57,0,81,18
759,21,72,39,51,0,45,0,69,42,21,0,63,0,72,0,96,60,0,54,48,72,81,0,45,45,0,90,54
760,66,21,18,54,0,78,0,45,78,33,0,96,0,75,0,72,81,0,57,57,39,66,0,60,33,0,84,27
761,45,48,21,45,0,72,0,75,45,36,0,90,0,66,0,93,96,0,39,60,54,75,0,48,39,0,84,9
762,42,48,30,66,0,39,0,87,24,27,0,90,0,72,0,75,51,0,45,48,90,96,0,42,60,0,93,15
763,51,30,45,51,0,51,0,78,33,36,0,84,0,48,0,78,60,0,66,96,51,60,0,54,36,0,99,33
764,51,42,42,36,0,63,0,69,48,18,0,51,0,81,0,87,54,0,63,48,66,90,0,78,39,0,96,18
765,36,27,54,48,0,63,0,42,36,9,0,63,0,75,0,105,72,0,33,96,75,81,0,45,48,0,96,36
766,30,57,24,30,0,51,0,21,39,30,0,57,0,87,0,87,66,0,63,87,78,69,0,45,39,0,105,75
767,72,33,63,51,0,33,0,69,30,18,0,72,0,90,0,96,63,0,39,48,60,66,0,57,54,0,105,21
768,75,54,48,36,0,60,0,48,27,18,0,60,0,72,0,93,21,0,42,57,90,81,0,87,51,0,99,21
769,54,51,36,57,0,42,0,60,39,12,0,72,0,42,0,72,84,0,60,90,75,69,0,36,45,0,93,51
770,45,84,39,42,0,69,0,60,51,39,0,60,0,45,0,78,72,0,45,57,72,81,0,45,33,0,114,9
771,48,30,42,42,0,36,0,66,69,54,0,66,0,87,0,75,69,0,30,57,54,75,0,60,51,0,93,36
772,57,42,42,27,0,24,0,60,48,45,0,72,0,78,0,60,72,0,39,60,84,84,0,51,48,0,108,39
773,72,45,33,45,0,54,0,60,42,48,0,63,0,63,0,84,63,0,36,72,72,87,0,39,45,0,102,15
774,27,33,48,69,0,54,0,57,27,24,0,72,0,87,0,108,66,0,45,66,51,90,0,36,48,0,84,48
775,63,69,33,63,0,66,0,57,69,33,0,75,0,42,0,75,39,0,33,69,63,75,0,48,60,0,81,27
776,54,51,48,27,0,51,0,78,39,36,0,84,0,72,0,87,45,0,39,75,90,78,0,36,45,0,87,18
777,51,36,30,45,0,42,0,54,75,42,0,93,0,69,0,69,63,0,39,72,48,69,0,57,60,0,87,39
778,54,54,24,54,0,42,0,84,42,6,0,72,0,102,0,69,69,0,33,75,51,81,0,51,69,0,90,18
779,45,21,39,45,0,45,0,78,60,36,0,75,0,93,0,66,99,0,9,63,48,87,0,63,48,0,93,27
780,57,24,33,33,0,60,0,81,33,48,0,84,0,78,0,96,63,0,33,63,48,63,0,75,54,0,93,21
781,48,42,42,48,0,57,0,51,57,30,0,60,0,54,0,69,93,0,42,60,54,81,0,75,36,0,108,33
782,27,51,27,45,0,54,0,54,24,51,0,99,0,72,0,81,84,0,48,69,75,84,0,39,18,0,93,45
783,60,66,21,60,0,33,0,57,45,12,0,69,0,99,0,66,48,0,87,54,72,72,0,69,27,0,93,30
784,45,63,21,24,0,78,0,81,24,18,0,96,0,69,0,78,87,0,60,63,51,108,0,63,24,0,66,21
785,33,63,30,39,0,42,0,84,54,27,0,66,0,66,0,93,57,0,57,60,63,69,0,81,36,0,81,39
786,39,72,27,39,0,39,0,51,57,63,0,78,0,57,0,93,78,0,39,75,54,78,0,57,24,0,90,30
787,33,63,36,60,0,72,0,69,24,33,0,69,0,75,0,93,75,0,45,69,33,75,0,69,39,0,93,15
788,69,42,51,18,0,24,0,84,51,30,0,84,0,87,0,72,78,0,54,57,54,90,0,33,45,0,90,27
789,51,48,60,30,0,42,0,75,39,33,0,75,0,81,0,66,90,0,51,57,48,87,0,60,42,0,87,18
790,39,36,63,63,0,90,0,72,18,30,0,60,0,48,0,63,81,0,51,66,45,78,0,66,60,0,93,18
791,42,42,51,63,0,54,0,57,48,66,0,90,0,87,0,57,54,0,27,69,36,90,0,54,60,0,75,18
792,60,45,42,66,0,69,0,60,33,39,0,60,0,78,0,93,54,0,42,72,30,81,0,57,66,0,78,15
793,63,36,60,69,0,36,0,48,36,33,0,42,0,81,0,96,66,0,51,57,54,78,0,81,42,0,87,24
794,63,63,45,24,0,36,0,72,30,39,0,72,0,81,0,78,63,0,60,48,87,78,0,39,48,0,81,33
795,84,48,36,21,0,60,0,69,39,21,0,75,0,51,0,99,54,0,30,60,63,105,0,63,54,0,75,33
796,57,51,33,39,0,48,0,66,45,27,0,66,0,66,0,84,78,0,30,66,69,93,0,54,54,0,96,18
797,48,45,15,54,0,78,0,69,51,42,0,51,0,84,0,111,51,0,39,66,66,93,0,36,30,0,90,21
798,51,51,39,48,0,39,0,57,51,27,0,90,0,75,0,57,69,0,66,69,42,75,0,72,48,0,90,24
799,63,51,36,48,0,24,0,90,54,42,0,81,0,75,0,60,36,0,36,66,39,96,0,51,69,0,93,30
800,84,54,45,15,0,57,0,75,54,27,0,75,0,51,0,81,87,0,36,30,33,93,0,78,69,0,75,21
801,45,33,48,45,0,51,0,60,30,39,0,78,0,93,0,87,48,0,24,42,96,69,0,60,57,0,93,42
802,66,63,24,36,0,30,0,75,45,51,0,81,0,69,0,96,51,0,33,60,51,87,0,69,60,0,78,15
803,63,45,72,66,0,24,0,54,42,51,0,75,0,90,0,69,69,0,21,75,60,60,0,63,39,0,90,12
804,42,33,54,78,0,63,0,69,27,21,0,66,0,84,0,69,87,0,57,81,69,66,0,27,54,0,87,6
805,48,60,39,57,0,72,0,51,48,42,0,72,0,108,0,81,60,0,42,63,51,75,0,45,27,0,75,24
806,48,36,69,48,0,63,0,48,57,15,0,54,0,81,0,90,81,0,42,54,78,60,0,63,36,0,90,27
807,33,39,36,36,0,57,0,87,36,45,0,84,0,69,0,81,84,0,51,72,75,48,0,27,45,0,99,36
808,45,45,30,57,0,39,0,81,30,30,0,69,0,78,0,78,84,0,57,54,69,78,0,81,48,0,75,12
809,45,51,30,45,0,42,0,90,66,33,0,84,0,66,0,69,18,0,75,57,84,78,0,81,48,0,69,9
810,60,45,48,63,0,27,0,69,54,27,0,69,0,72,0,78,69,0,24,51,69,90,0,57,69,0,96,3
811,54,63,42,30,0,42,0,60,54,33,0,66,0,81,0,93,81,0,39,54,66,54,0,45,69,0,81,33
812,33,51,45,54,0,54,0,63,54,30,0,75,0,93,0,90,39,0,63,66,57,81,0,39,54,0,75,24
813,72,36,54,39,0,30,0,42,21,45,0,69,0,75,0,81,81,0,30,60,63,78,0,72,63,0,102,27
814,45,36,21,39,0,81,0,78,48,33,0,69,0,57,0,87,75,0,54,48,60,99,0,57,60,0,84,9
815,24,36,36,69,0,48,0,81,51,30,0,60,0,69,0,84,81,0,45,57,57,60,0,60,72,0,99,21
816,39,42,42,36,0,39,0,63,57,33,0,75,0,96,0,93,63,0,45,30,42,96,0,66,51,0,75,57
817,57,42,54,21,0,36,0,72,45,45,0,66,0,99,0,72,75,0,69,45,93,57,0,48,51,0,78,15
818,87,36,39,33,0,45,0,42,51,48,0,75,0,60,0,69,75,0,51,75,57,72,0,27,87,0,81,30
819,24,69,24,66,0,72,0,75,12,24,0,81,0,66,0,66,48,0,60,75,60,87,0,63,42,0,102,24
820,51,72,33,36,0,63,0,51,42,27,0,72,0,84,0,90,90,0,36,54,63,72,0,57,24,0,105,18
821,42,60,48,48,0,42,0,66,33,39,0,72,0,105,0,84,66,0,51,45,69,96,0,33,33,0,81,27
822,69,45,39,54,0,36,0,60,27,12,0,72,0,66,0,93,51,0,57,57,75,96,0,57,45,0,96,33
823,36,33,30,24,0,24,0,69,72,48,0,75,0,93,0,54,69,0,66,78,63,78,0,69,42,0,87,30
824,51,27,51,24,0,63,0,69,51,21,0,78,0,57,0,87,90,0,39,69,75,72,0,27,60,0,96,33
825,45,42,21,48,0,45,0,66,24,48,0,72,0,87,0,93,66,0,66,90,57,69,0,66,51,0,60,24
826,30,42,48,45,0,57,0,54,33,24,0,90,0,84,0,45,66,0,36,66,87,81,0,84,48,0,93,27
827,30,48,66,51,0,42,0,54,36,36,0,84,0,72,0,81,72,0,36,81,75,96,0,39,45,0,93,3
828,18,39,15,69,0,42,0,78,48,72,0,63,0,72,0,87,81,0,57,75,39,66,0,57,48,0,87,27
829,45,39,51,24,0,51,0,48,39,54,0,69,0,66,0,69,84,0,63,24,72,72,0,69,84,0,84,33
830,45,36,27,36,0,54,0,90,12,48,0,93,0,69,0,66,66,0,60,72,54,63,0,60,78,0,99,12
831,51,54,36,66,0,54,0,66,21,45,0,87,0,48,0,87,63,0,54,60,33,60,0,60,60,0,90,45
832,42,45,42,81,0,42,0,66,33,33,0,60,0,48,0,63,87,0,42,72,75,87,0,51,57,0,102,12
833,57,36,39,57,0,51,0,75,27,42,0,69,0,87,0,60,63,0,45,54,108,72,0,57,60,0,63,18
834,24,69,30,45,0,27,0,84,33,42,0,75,0,54,0,84,51,0,48,54,69,102,0,87,42,0,93,27
835,12,36,15,15,0,42,0,66,57,45,0,75,0,84,0,90,42,0,75,66,78,81,0,69,51,0,105,36
836,36,42,57,36,0,54,0,78,18,51,0,54,0,51,0,78,72,0,36,75,72,87,0,36,63,0,102,42
837,45,51,57,36,0,39,0,72,42,51,0,66,0,75,0,87,45,0,24,96,63,57,0,54,63,0,87,30
838,36,75,45,60,0,51,0,54,36,9,0,66,0,57,0,93,72,0,48,66,81,60,0,54,33,0,108,36
839,66,48,84,69,0,30,0,84,45,24,0,87,0,45,0,90,48,0,42,63,57,54,0,51,75,0,69,9
840,51,30,51,45,0,33,0,51,24,21,0,87,0,90,0,105,93,0,45,63,60,84,0,48,45,0,87,27
841,54,60,39,57,0,24,0,69,57,36,0,99,0,72,0,66,57,0,42,45,57,99,0,51,36,0,96,24
842,42,45,33,30,0,78,0,51,27,39,0,51,0,54,0,102,72,0,54,57,45,96,0,54,81,0,111,18
843,54,54,18,51,0,42,0,57,30,21,0,57,0,93,0,81,81,0,48,63,78,93,0,42,57,0,102,18
844,51,72,42,42,0,54,0,48,63,51,0,78,0,60,0,84,81,0,33,54,45,81,0,30,54,0,87,30
845,42,51,33,39,0,45,0,66,54,48,0,81,0,84,0,93,72,0,39,48,57,87,0,39,45,0,99,18
846,72,48,27,81,0,66,0,66,33,24,0,72,0,66,0,72,54,0,54,45,66,96,0,33,42,0,90,33
847,69,54,39,51,0,72,0,60,39,33,0,93,0,81,0,63,51,0,51,42,69,54,0,63,48,0,99,9
848,27,33,51,51,0,60,0,81,42,18,0,66,0,69,0,99,81,0,33,81,63,75,0,39,39,0,93,39
849,54,69,27,60,0,57,0,78,36,24,0,87,0,78,0,75,75,0,33,48,81,66,0,51,36,0,90,15
850,78,51,72,27,0,75,0,69,24,27,0,90,0,72,0,96,63,0,33,57,48,72,0,60,18,0,90,18
851,45,45,21,36,0,72,0,90,66,18,0,66,0,39,0,93,57,0,57,78,66,54,0,42,60,0,102,33
852,39,36,51,57,0,69,0,36,63,12,0,75,0,75,0,66,51,0,63,66,33,78,0,96,51,0,87,36
853,69,66,69,24,0,57,0,90,30,15,0,66,0,78,0,102,54,0,36,45,51,72,0,48,63,0,72,33
854,42,39,15,42,0,63,0,63,60,24,0,84,0,75,0,42,87,0,60,75,51,87,0,57,60,0,90,24
855,36,63,21,27,0,48,0,81,36,27,0,90,0,75,0,96,57,0,42,66,81,72,0,72,57,0,63,30
856,39,42,24,72,0,48,0,78,57,45,0,72,0,78,0,60,90,0,45,30,45,66,0,45,81,0,102,21
857,39,45,60,51,0,27,0,69,54,48,0,63,0,69,0,93,87,0,48,54,54,81,0,45,66,0,78,9
858,39,39,36,57,0,24,0,72,60,27,0,87,0,90,0,87,57,0,51,57,75,69,0,45,33,0,111,24
859,60,63,48,57,0,54,0,87,33,21,0,69,0,51,0,81,54,0,39,69,69,60,0,51,84,0,81,9
860,36,30,30,57,0,39,0,78,24,45,0,69,0,63,0,63,81,0,66,81,78,81,0,45,60,0,90,24
861,54,33,51,48,0,42,0,48,12,51,0,99,0,66,0,84,63,0,30,75,42,84,0,75,57,0,99,27
862,39,30,39,30,0,33,0,84,18,42,0,75,0,84,0,93,66,0,42,42,81,72,0,63,57,0,111,39
863,42,36,60,30,0,51,0,60,39,51,0,87,0,105,0,48,57,0,54,48,93,84,0,42,48,0,87,18
864,45,57,54,24,0,60,0,45,45,48,0,66,0,87,0,69,84,0,21,60,78,84,0,60,51,0,84,18
865,66,60,54,45,0,42,0,63,36,15,0,78,0,75,0,93,39,0,63,78,45,66,0,42,51,0,96,33
866,69,39,33,27,0,54,0,66,45,30,0,63,0,75,0,96,45,0,42,63,84,93,0,75,27,0,93,21
867,48,33,48,48,0,45,0,48,45,33,0,78,0,87,0,63,63,0,27,84,66,78,0,69,72,0,87,18
868,57,54,42,33,0,69,0,75,42,45,0,66,0,75,0,66,39,0,90,60,33,87,0,51,33,0,96,27
869,39,63,54,24,0,24,0,78,45,21,0,69,0,81,0,93,75,0,33,90,57,93,0,39,66,0,75,21
870,57,60,42,54,0,24,0,39,45,21,0,90,0,90,0,60,60,0,66,69,48,96,0,54,36,0,96,33
871,57,30,39,48,0,33,0,66,45,27,0,45,0,90,0,51,93,0,51,75,66,90,0,60,54,0,93,27
872,84,33,24,42,0,63,0,63,45,51,0,54,0,57,0,81,45,0,39,60,87,99,0,72,48,0,72,21
873,63,45,57,57,0,57,0,51,33,36,0,93,0,66,0,51,39,0,57,69,36,90,0,48,66,0,90,36
874,66,81,39,36,0,63,0,75,48,33,0,54,0,72,0,90,57,0,36,84,54,48,0,33,45,0,96,30
875,39,27,27,21,0,42,0,81,21,51,0,75,0,84,0,99,60,0,60,75,54,66,0,57,54,0,102,45
876,69,63,63,66,0,60,0,48,27,24,0,69,0,57,0,81,69,0,45,69,90,57,0,36,42,0,93,12
877,42,60,63,54,0,27,0,42,24,36,0,84,0,75,0,90,84,0,42,60,72,78,0,27,60,0,90,30
878,48,72,57,54,0,42,0,60,30,15,0,96,0,78,0,93,60,0,45,36,45,99,0,54,39,0,87,30
879,48,60,27,42,0,21,0,84,39,42,0,84,0,81,0,57,60,0,48,75,75,54,0,57,69,0,96,21
880,36,36,36,63,0,51,0,66,63,42,0,63,0,81,0,75,72,0,81,69,30,87,0,48,24,0,105,12
881,42,75,39,24,0,54,0,78,24,30,0,90,0,84,0,93,54,0,60,69,51,87,0,51,24,0,99,12
882,39,51,30,42,0,30,0,84,39,42,0,54,0,75,0,75,66,0,48,93,54,63,0,69,60,0,90,36
883,24,57,12,93,0,69,0,30,45,24,0,69,0,60,0,66,84,0,21,81,60,84,0,84,60,0,93,24
884,72,57,42,54,0,33,0,78,42,24,0,87,0,84,0,78,63,0,45,66,78,54,0,33,48,0,90,12
885,57,45,57,39,0,60,0,78,42,30,0,60,0,72,0,78,60,0,69,54,54,81,0,33,63,0,99,9
886,30,51,78,54,0,42,0,51,36,51,0,63,0,78,0,69,78,0,75,48,48,99,0,60,21,0,84,24
887,27,39,27,48,0,42,0,96,39,36,0,72,0,78,0,60,75,0,54,84,66,90,0,33,39,0,93,42
888,42,63,48,45,0,54,0,84,33,24,0,90,0,51,0,75,84,0,48,60,51,93,0,51,63,0,69,12
889,57,39,21,87,0,75,0,39,39,42,0,66,0,60,0,66,84,0,42,84,45,84,0,51,39,0,90,30
890,54,69,30,78,0,42,0,66,42,21,0,93,0,96,0,78,45,0,33,57,57,60,0,54,45,0,96,24
891,39,45,27,51,0,57,0,75,63,39,0,78,0,39,0,78,90,0,60,63,78,75,0,39,30,0,105,9
892,36,39,33,45,0,45,0,69,48,33,0,87,0,84,0,93,57,0,48,78,66,96,0,27,69,0,75,12
893,60,45,15,63,0,72,0,51,60,36,0,87,0,51,0,81,51,0,42,57,75,81,0,60,39,0,81,33
894,66,42,45,33,0,39,0,45,30,54,0,111,0,54,0,99,39,0,30,75,57,69,0,45,78,0,87,42
895,33,36,42,24,0,30,0,66,66,39,0,60,0,78,0,96,60,0,60,72,78,96,0,45,66,0,69,24
896,30,66,63,48,0,51,0,60,42,30,0,63,0,84,0,90,87,0,42,36,30,78,0,39,72,0,87,42
897,57,72,18,45,0,60,0,66,45,24,0,60,0,81,0,90,57,0,48,78,54,96,0,27,60,0,87,15
898,15,60,24,57,0,36,0,48,48,69,0,78,0,51,0,60,90,0,30,63,72,84,0,51,69,0,99,36
899,51,27,36,27,0,57,0,90,24,27,0,87,0,72,0,84,60,0,39,60,57,81,0,66,60,0,90,45
900,60,51,30,69,0,48,0,93,54,36,0,18,0,75,0,48,84,0,45,60,63,72,0,60,45,0,102,27
901,69,60,39,33,0,66,0,51,27,39,0,90,0,87,0,51,87,0,12,69,57,78,0,66,42,0,90,27
902,51,57,27,75,0,45,0,54,45,39,0,90,0,69,0,78,72,0,54,45,63,87,0,42,21,0,105,21
903,48,36,21,39,0,75,0,87,54,21,0,81,0,81,0,84,48,0,30,60,69,72,0,45,45,0,93,51
904,45,75,63,33,0,48,0,66,51,27,0,90,0,54,0,75,60,0,33,57,72,84,0,69,45,0,78,15
905,48,66,51,39,0,42,0,93,69,24,0,60,0,69,0,60,48,0,15,63,57,102,0,42,75,0,105,12
906,48,51,12,87,0,60,0,66,36,18,0,99,0,87,0,93,66,0,57,45,54,87,0,39,27,0,81,27
907,51,27,36,72,0,51,0,63,15,33,0,75,0,102,0,75,60,0,60,78,66,72,0,60,30,0,90,24
908,72,48,30,30,0,42,0,63,45,15,0,63,0,84,0,66,57,0,69,81,63,72,0,63,30,0,105,42
909,39,72,36,21,0,24,0,63,42,39,0,75,0,81,0,72,69,0,72,54,54,99,0,51,60,0,105,12
910,39,33,33,57,0,45,0,69,48,42,0,93,0,72,0,72,60,0,45,90,63,72,0,63,42,0,81,21
911,63,45,48,78,0,54,0,54,48,18,0,75,0,69,0,81,36,0,57,39,60,90,0,36,72,0,78,39
912,33,21,30,48,0,45,0,57,60,42,0,81,0,72,0,84,69,0,54,81,87,63,0,36,66,0,93,18
913,39,42,30,51,0,39,0,57,45,30,0,60,0,63,0,99,78,0,51,54,84,78,0,87,33,0,102,18
914,54,42,45,51,0,45,0,93,42,15,0,66,0,69,0,84,69,0,21,69,48,69,0,36,84,0,99,39
915,57,39,60,45,0,33,0,87,51,45,0,63,0,63,0,87,42,0,36,66,57,87,0,48,39,0,102,33
916,45,69,51,27,0,33,0,69,36,27,0,57,0,90,0,84,72,0,24,63,81,81,0,48,63,0,93,27
917,42,87,45,24,0,48,0,66,51,15,0,87,0,63,0,84,72,0,48,84,75,51,0,48,39,0,90,21
918,78,42,60,33,0,66,0,66,36,42,0,78,0,75,0,60,75,0,21,60,69,78,0,33,42,0,105,21
919,48,36,84,54,0,69,0,72,39,18,0,84,0,60,0,75,69,0,57,69,48,51,0,21,48,0,93,45
920,63,48,48,42,0,27,0,75,9,9,0,84,0,90,0,87,66,0,60,45,45,90,0,69,45,0,96,42
921,39,48,30,51,0,60,0,69,15,51,0,87,0,60,0,93,69,0,51,66,51,81,0,42,51,0,96,30
922,60,21,33,48,0,57,0,66,39,48,0,72,0,63,0,87,66,0,57,54,72,90,0,42,57,0,90,18
923,78,45,30,36,0,36,0,66,27,21,0,75,0,84,0,84,66,0,36,69,75,84,0,36,63,0,78,51
924,54,48,30,39,0,63,0,84,36,42,0,54,0,57,0,60,51,0,69,96,90,87,0,51,54,0,69,6
925,39,33,27,45,0,36,0,72,21,42,0,81,0,105,0,75,72,0,78,45,69,66,0,60,57,0,102,15
926,51,39,24,60,0,57,0,99,33,12,0,66,0,78,0,69,54,0,69,78,81,93,0,51,36,0,75,15
927,39,30,30,48,0,81,0,60,51,39,0,51,0,63,0,84,69,0,48,87,54,75,0,45,66,0,90,30
928,57,36,36,39,0,51,0,78,30,24,0,78,0,81,0,78,60,0,27,75,66,105,0,42,63,0,96,18
929,48,69,48,57,0,42,0,84,42,24,0,81,0,66,0,78,51,0,42,66,30,72,0,60,54,0,99,27
930,78,21,45,36,0,57,0,57,66,42,0,90,0,69,0,75,33,0,42,81,60,72,0,27,69,0,96,24
931,51,51,63,21,0,48,0,72,39,18,0,93,0,81,0,66,66,0,54,57,39,66,0,45,54,0,111,45
932,66,39,30,45,0,36,0,75,27,27,0,90,0,72,0,87,84,0,39,45,78,81,0,60,27,0,87,45
933,54,30,18,51,0,36,0,66,42,45,0,63,0,108,0,72,48,0,57,21,72,90,0,72,63,0,102,30
934,63,48,27,42,0,69,0,78,51,36,0,78,0,90,0,81,72,0,36,48,45,54,0,48,48,0,90,36
935,42,39,21,51,0,39,0,54,87,27,0,75,0,45,0,78,54,0,54,78,54,93,0,81,30,0,93,45
936,48,63,21,78,0,48,0,54,48,27,0,75,0,69,0,96,60,0,48,69,75,69,0,39,51,0,84,18
937,72,33,33,60,0,48,0,51,45,27,0,90,0,75,0,60,63,0,81,36,66,90,0,45,51,0,96,18
938,57,24,36,27,0,63,0,78,15,63,0,72,0,66,0,81,66,0,51,54,63,90,0,66,48,0,90,30
939,42,66,57,51,0,57,0,78,6,18,0,84,0,72,0,60,78,0,33,60,57,78,0,45,57,0,99,42
940,75,63,30,45,0,60,0,63,36,51,0,75,0,57,0,78,51,0,51,33,54,84,0,57,69,0,87,21
941,66,30,45,30,0,69,0,84,39,21,0,78,0,69,0,78,75,0,33,72,48,72,0,39,48,0,99,45
942,63,69,36,45,0,54,0,66,45,18,0,84,0,57,0,96,57,0,18,36,63,84,0,51,72,0,105,21
943,51,36,48,39,0,51,0,51,15,18,0,51,0,72,0,75,72,0,45,90,81,84,0,51,81,0,96,33
944,57,48,39,54,0,39,0,69,18,33,0,75,0,93,0,75,78,0,78,42,54,78,0,45,60,0,84,21
945,36,12,66,51,0,75,0,75,42,72,0,69,0,69,0,66,57,0,60,54,87,36,0,54,24,0,102,33
946,30,51,27,36,0,33,0,72,51,42,0,63,0,99,0,96,48,0,69,57,54,87,0,30,63,0,96,36
947,48,60,36,30,0,36,0,60,27,45,0,90,0,81,0,90,54,0,48,66,78,96,0,33,51,0,102,9
948,48,57,42,42,0,45,0,90,60,21,0,84,0,81,0,72,90,0,36,45,42,99,0,48,42,0,87,9
949,57,48,12,51,0,36,0,81,51,45,0,105,0,87,0,81,39,0,63,60,51,69,0,45,42,0,102,15
950,45,57,51,57,0,45,0,42,24,48,0,57,0,93,0,69,78,0,51,45,66,90,0,69,42,0,96,15
951,39,48,27,48,0,33,0,93,36,27,0,66,0,72,0,87,66,0,54,66,81,105,0,36,33,0,96,27
952,57,48,24,45,0,39,0,57,54,21,0,78,0,72,0,72,99,0,39,66,63,93,0,69,63,0,57,24
953,54,54,30,21,0,33,0,81,39,54,0,81,0,45,0,93,72,0,39,54,54,78,0,63,63,0,87,45
954,54,24,36,57,0,57,0,96,39,27,0,84,0,66,0,63,72,0,54,87,45,69,0,72,51,0,66,21
955,42,57,42,39,0,54,0,57,42,15,0,66,0,45,0,84,87,0,51,66,69,102,0,69,45,0,81,27
956,30,51,42,60,0,36,0,78,90,12,0,60,0,63,0,75,42,0,39,105,72,57,0,57,33,0,99,39
957,45,45,30,27,0,57,0,69,30,51,0,66,0,75,0,87,48,0,42,66,63,81,0,63,69,0,90,36
958,57,66,36,33,0,54,0,84,30,24,0,93,0,63,0,81,57,0,45,54,63,96,0,42,54,0,87,21
959,54,36,57,21,0,60,0,78,42,24,0,60,0,72,0,84,81,0,48,63,72,57,0,57,42,0,102,30
960,60,72,39,30,0,81,0,75,30,21,0,84,0,78,0,78,75,0,54,60,42,81,0,36,27,0,81,36
961,42,51,42,27,0,54,0,63,45,33,0,93,0,87,0,90,60,0,45,63,51,72,0,39,63,0,84,36
962,63,21,33,51,0,57,0,81,30,36,0,87,0,42,0,81,45,0,72,84,51,54,0,66,42,0,102,42
963,33,39,42,45,0,42,0,87,51,57,0,75,0,84,0,72,69,0,48,66,69,84,0,30,54,0,87,6
964,48,36,48,69,0,33,0,72,66,27,0,66,0,96,0,57,48,0,39,48,87,90,0,81,33,0,84,12
965,54,39,36,60,0,54,0,48,84,54,0,93,0,60,0,63,81,0,51,48,57,90,0,48,36,0,63,21
966,90,48,48,42,0,63,0,72,39,21,0,60,0,66,0,63,51,0,51,51,75,84,0,69,42,0,87,18
967,60,36,72,24,0,51,0,75,51,63,0,87,0,69,0,60,78,0,54,54,57,75,0,24,33,0,87,30
968,48,72,45,51,0,45,0,99,15,27,0,96,0,66,0,84,45,0,30,63,48,78,0,42,57,0,84,45
969,60,39,36,51,0,66,0,81,51,36,0,75,0,69,0,78,51,0,48,90,72,69,0,45,18,0,90,15
970,60,51,48,27,0,42,0,66,27,21,0,78,0,87,0,102,69,0,39,57,57,90,0,42,36,0,96,45
971,42,48,33,69,0,51,0,75,18,30,0,66,0,81,0,78,72,0,39,78,51,96,0,57,54,0,84,18
972,66,81,33,51,0,36,0,54,36,39,0,78,0,72,0,84,45,0,24,69,63,60,0,60,72,0,99,18
973,45,33,39,45,0,66,0,33,45,33,0,78,0,66,0,87,57,0,45,84,66,87,0,36,66,0,90,39
974,24,54,45,54,0,42,0,66,24,21,0,72,0,57,0,105,45,0,45,96,69,87,0,72,39,0,99,24
975,54,36,51,57,0,30,0,75,57,45,0,54,0,39,0,93,63,0,21,57,45,81,0,72,63,0,105,42
976,60,39,51,69,0,63,0,66,30,21,0,57,0,57,0,87,51,0,78,69,60,81,0,45,45,0,84,27
977,39,51,39,51,0,48,0,63,33,27,0,72,0,87,0,66,60,0,54,66,75,84,0,27,63,0,102,33
978,57,27,24,54,0,60,0,66,48,33,0,78,0,78,0,84,72,0,48,39,60,99,0,54,66,0,87,6
979,63,72,57,60,0,39,0,63,54,42,0,72,0,81,0,48,54,0,30,57,87,42,0,48,48,0,102,21
980,39,33,51,33,0,30,0,66,51,21,0,75,0,57,0,90,87,0,66,45,90,72,0,72,48,0,78,36
981,39,48,30,42,0,69,0,57,57,42,0,60,0,111,0,60,27,0,27,48,81,102,0,66,54,0,93,27
982,72,66,45,15,0,51,0,69,30,42,0,93,0,66,0,66,96,0,63,51,57,42,0,60,60,0,78,18
983,48,54,30,27,0,57,0,99,39,21,0,87,0,93,0,72,63,0,48,63,66,78,0,54,21,0,87,33
984,24,42,33,42,0,27,0,87,75,30,0,72,0,60,0,84,84,0,42,57,63,102,0,45,57,0,90,24
985,60,42,39,51,0,39,0,60,57,33,0,93,0,81,0,51,63,0,51,69,63,90,0,39,39,0,102,18
986,51,57,51,45,0,36,0,57,27,33,0,60,0,78,0,90,87,0,42,78,57,75,0,48,45,0,96,27
987,33,36,60,33,0,63,0,54,72,33,0,75,0,51,0,78,84,0,51,45,63,87,0,57,69,0,84,12
988,69,36,42,24,0,42,0,51,33,45,0,69,0,66,0,81,54,0,78,42,78,69,0,66,84,0,75,36
989,39,57,36,36,0,36,0,72,63,33,0,57,0,69,0,72,87,0,48,45,66,81,0,72,51,0,93,27
990,33,27,60,51,0,39,0,60,18,36,0,69,0,75,0,87,78,0,60,66,84,51,0,54,66,0,105,21
991,78,60,48,24,0,69,0,57,45,24,0,69,0,69,0,87,81,0,36,66,51,99,0,24,21,0,93,39
992,36,45,21,60,0,45,0,87,48,33,0,84,0,72,0,99,36,0,72,42,60,90,0,51,57,0,93,9
993,30,45,57,54,0,57,0,72,21,27,0,78,0,60,0,72,57,0,39,60,66,84,0,60,72,0,96,33
994,54,75,30,51,0,42,0,108,9,27,0,48,0,66,0,87,72,0,45,48,72,84,0,57,66,0,81,18
995,48,48,39,51,0,30,0,60,21,45,0,96,0,81,0,72,84,0,60,42,57,102,0,36,57,0,84,27
996,24,39,66,42,0,69,0,69,48,33,0,84,0,54,0,78,60,0,60,51,63,78,0,78,27,0,99,18
997,63,45,15,42,0,69,0,69,54,33,0,78,0,84,0,57,60,0,60,51,75,48,0,51,51,0,108,27
998,30,51,54,60,0,30,0,51,96,39,0,72,0,63,0,84,60,0,18,63,75,51,0,66,57,0,102,18
999,42,42,30,39,0,15,0,66,54,27,0,90,0,69,0,93,39,0,63,54,63,90,0,48,48,0,96,72
